create schema transportes_san_daniel;

use transportes_san_daniel;

create table direcciones (
id_direccion int not null auto_increment primary key,
calle varchar(100) not null ,
numero int not null,
comuna varchar(50) not null,
ciudad varchar(50) not null,
codigo_postal  int
);

create table clientes (
id_cliente int not null auto_increment primary key,
id_direccion int not null,
nombre_cliente varchar(50) not null,
apellido_cliente varchar(50) not null,
rut_cliente varchar(20) not null,
telefono_cliente int not null,
email_cliente varchar(100) not null,
foreign key (id_direccion) references direcciones (id_direccion)
);

create table dpto_ventas (
id_ventas int auto_increment not null primary key,
id_direccion int,
numero_contacto int,
foreign key (id_direccion) references direcciones (id_direccion)
);

create table vendedores (
id_vendedor int not null primary key,
nombre varchar(50),
apellido varchar(50),
rut varchar(20),
cargo varchar(50)
);

create table facturas (
id_factura int not null auto_increment primary key,
id_ventas int,
id_cliente int,
id_vendedor int,
id_direccion int,
fecha_factura date not null,
impuesto int not null,
total_pagar int not null,
foreign key (id_cliente) references clientes (id_cliente),
foreign key (id_vendedor) references vendedores (id_vendedor),
foreign key (id_direccion) references direcciones (id_direccion),
foreign key (id_ventas) references dpto_ventas (id_ventas)
);


create table dpto_despachos (
id_despachos int not null auto_increment primary key,
id_direccion int,
numero_contacto int,
foreign key (id_direccion) references direcciones (id_direccion)
);

create table vehiculos (
id_vehiculos int not null primary key,
nombre_vehiculo varchar(50) not null,
marca varchar(20) not null,
anio int not null,
patente VARCHAR(10) not null,
capacidad_carga int not null,
nombre_chofer varchar(20) not null,
apellido_chofer varchar(20) not null,
rut_chofer varchar(20) not null
);

create table orden_despacho (
id_orden_despacho int not null auto_increment primary key,
id_direccion int,
id_vehiculos int,
fecha_orden_despacho date not null,
fecha_recepcion date not null,
foreign key (id_direccion) references direcciones (id_direccion),
foreign key (id_vehiculos) references vehiculos (id_vehiculos)
);

insert into direcciones
values (1,"MARINERS COVE",3312,"INDEPENDENCIA","LA SERENA",1700000),
(2,"MCGUIRE",61,"QUINTA NORMAL","PUNTA ARENAS",6200000),
(3,"SOUTHRIDGE",363,"ESTACION CENTRAL","ANTOFAGASTA",3580000),
(4,"NEW CASTLE",49612,"RECOLETA","CONCEPCION",3349001),
(5,"SACHTJEN",60724,"SANTIAGO","PUERTO VARAS",5550000),
(6,"BUELL",88,"INDEPENDENCIA","ANTOFAGASTA",3580000),
(7,"DAKOTA",0,"QUILICURA","PUERTO MONTT",5480000),
(8,"SHELLEY",92893,"RECOLETA","ANTOFAGASTA",3580000),
(9,"DARWIN",8125,"SANTIAGO","ISLA DE PASCUA",2770000),
(10,"DOVETAIL",6593,"QUILICURA","LA SERENA",1700000),
(11,"AMERICAN ASH",316,"QUINTA NORMAL","ISLA DE PASCUA",2770000),
(12,"SACHS",937,"ESTACION CENTRAL","VALPARAISO",2340000),
(13,"FORDEM",171,"LOS CONDES","VINA DEL MAR",2520000),
(14,"MAYER",30139,"SANTIAGO","PUNTA ARENAS",6200000),
(15,"MOOSE",302,"LOS CONDES","LA SERENA",1700000),
(16,"SPAIGHT",9,"LA CISTERNA","SANTIAGO",8320000),
(17,"MOOSE",8432,"LA CISTERNA","CONCEPCION",3349001),
(18,"LAWN",148,"QUILICURA","SANTIAGO",8320000),
(19,"PARK MEADOW",722,"QUINTA NORMAL","VALPARAISO",2340000),
(20,"RUTLEDGE",8238,"SANTIAGO","PUERTO MONTT",5480000),
(21,"DELAWARE",98498,"QUILICURA","SANTIAGO",8320000),
(22,"BONNER",64,"INDEPENDENCIA","PUERTO MONTT",5480000),
(23,"HUXLEY",0,"RECOLETA","PUERTO VARAS",5550000),
(24,"OLD GATE",0,"QUILICURA","PUERTO MONTT",5480000),
(25,"BARBY",795,"SANTIAGO","ISLA DE PASCUA",2770000),
(26,"EXPRESS",98,"SANTIAGO","PUERTO VARAS",5550000),
(27,"MARYLAND",6644,"QUILICURA","PUERTO MONTT",5480000),
(28,"ARROWOOD",9721,"MAIPU","PUNTA ARENAS",6200000),
(29,"CLEMONS",146,"QUILICURA","CONCEPCION",3349001),
(30,"RIEDER",7,"SANTIAGO","CONCEPCION",3349001),
(31,"BOWMAN",35584,"SANTIAGO","LA SERENA",1700000),
(32,"DI LORETO",3,"SAN JOAQUIN","PUNTA ARENAS",6200000),
(33,"ALPINE",276,"SANTIAGO","ANTOFAGASTA",3580000),
(34,"PRENTICE",29,"INDEPENDENCIA","ANTOFAGASTA",3580000),
(35,"LIEN",160,"ESTACION CENTRAL","VINA DEL MAR",2520000),
(36,"EAGLE CREST",5,"MAIPU","PUERTO VARAS",5550000),
(37,"LUSTER",8410,"MAIPU","PUERTO MONTT",5480000),
(38,"BARTILLON",6,"LA CISTERNA","PUERTO MONTT",5480000),
(39,"GATEWAY",66,"QUILICURA","VINA DEL MAR",2520000),
(40,"SHELLEY",564,"RECOLETA","ISLA DE PASCUA",2770000),
(41,"MOOSE",6,"RECOLETA","VINA DEL MAR",2520000),
(42,"TRANSPORT",3,"MAIPU","PUNTA ARENAS",6200000),
(43,"MANUFACTURERS",4272,"QUINTA NORMAL","SANTIAGO",8320000),
(44,"JENIFER",3270,"VITACURA","VALPARAISO",2340000),
(45,"PEARSON",900,"RECOLETA","ANTOFAGASTA",3580000),
(46,"CAMBRIDGE",6697,"ESTACION CENTRAL","ISLA DE PASCUA",2770000),
(47,"LINDBERGH",39533,"ESTACION CENTRAL","VALPARAISO",2340000),
(48,"SHELLEY",8,"ESTACION CENTRAL","PUNTA ARENAS",6200000),
(49,"BUHLER",4,"VITACURA","ANTOFAGASTA",3580000),
(50,"RIDGEWAY",9,"LOS CONDES","ISLA DE PASCUA",2770000),
(51,"MANDRAKE",286,"QUILICURA","ISLA DE PASCUA",2770000),
(52,"MAYWOOD",3,"QUILICURA","ANTOFAGASTA",3580000),
(53,"BROWNING",8,"LA CISTERNA","ANTOFAGASTA",3580000),
(54,"KILLDEER",17309,"SAN JOAQUIN","PUNTA ARENAS",6200000),
(55,"DWIGHT",69,"LA CISTERNA","PUNTA ARENAS",6200000),
(56,"CHIVE",27024,"SAN JOAQUIN","LA SERENA",1700000),
(57,"BUNTING",93458,"VITACURA","ISLA DE PASCUA",2770000),
(58,"AMERICAN",0,"LOS CONDES","SANTIAGO",8320000),
(59,"PEPPER WOOD",185,"LA CISTERNA","PUERTO MONTT",5480000),
(60,"ELMSIDE",8474,"LA CISTERNA","ISLA DE PASCUA",2770000),
(61,"LOOMIS",44,"LOS CONDES","PUERTO MONTT",5480000),
(62,"7TH",76,"RECOLETA","PUNTA ARENAS",6200000),
(63,"SHOPKO",6,"INDEPENDENCIA","PUNTA ARENAS",6200000),
(64,"FULTON",209,"RECOLETA","CONCEPCION",3349001),
(65,"SACHTJEN",67681,"INDEPENDENCIA","LA SERENA",1700000),
(66,"WELCH",2663,"SANTIAGO","CONCEPCION",3349001),
(67,"RAVEN",3,"QUINTA NORMAL","PUNTA ARENAS",6200000),
(68,"BELLGROVE",4910,"SAN JOAQUIN","ISLA DE PASCUA",2770000),
(69,"HOARD",5095,"SANTIAGO","PUNTA ARENAS",6200000),
(70,"HAUK",57,"ESTACION CENTRAL","ISLA DE PASCUA",2770000),
(71,"COLORADO",85,"MAIPU","CONCEPCION",3349001),
(72,"MANUFACTURERS",2,"QUILICURA","PUERTO MONTT",5480000),
(73,"WAYWOOD",17086,"SANTIAGO","VALPARAISO",2340000),
(74,"DIVISION",969,"QUINTA NORMAL","LA SERENA",1700000),
(75,"BLAINE",59,"QUILICURA","LA SERENA",1700000),
(76,"GATEWAY",8,"QUILICURA","SANTIAGO",8320000),
(77,"2ND",902,"LA CISTERNA","LA SERENA",1700000),
(78,"EAGAN",7,"INDEPENDENCIA","ANTOFAGASTA",3580000),
(79,"EGGENDART",5,"INDEPENDENCIA","CONCEPCION",3349001),
(80,"INDEPENDENCE",26,"VITACURA","CONCEPCION",3349001),
(81,"ESCH",331,"QUINTA NORMAL","VINA DEL MAR",2520000),
(82,"ALMO",93,"RECOLETA","VINA DEL MAR",2520000),
(83,"NORTH",70,"SANTIAGO","PUERTO VARAS",5550000),
(84,"SCHOOL",64924,"MAIPU","LA SERENA",1700000),
(85,"DENNIS",31406,"QUILICURA","LA SERENA",1700000),
(86,"COMMERCIAL",17836,"RECOLETA","PUNTA ARENAS",6200000),
(87,"MALLORY",46,"MAIPU","CONCEPCION",3349001),
(88,"MENOMONIE",4489,"QUILICURA","SANTIAGO",8320000),
(89,"BARTELT",50073,"SAN JOAQUIN","CONCEPCION",3349001),
(90,"TRANSPORT",61,"LOS CONDES","PUNTA ARENAS",6200000),
(91,"SUMMIT",825,"ESTACION CENTRAL","VALPARAISO",2340000),
(92,"STARLING",986,"QUINTA NORMAL","VALPARAISO",2340000),
(93,"LAKEWOOD GARDENS",3845,"VITACURA","ANTOFAGASTA",3580000),
(94,"HIGH CROSSING",683,"RECOLETA","PUNTA ARENAS",6200000),
(95,"SCHILLER",87,"SAN JOAQUIN","PUERTO VARAS",5550000),
(96,"JOHN WALL",34966,"INDEPENDENCIA","PUNTA ARENAS",6200000),
(97,"SPOHN",74013,"LA CISTERNA","LA SERENA",1700000),
(98,"SUNBROOK",4143,"INDEPENDENCIA","VALPARAISO",2340000),
(99,"HALLOWS",4,"VITACURA","VINA DEL MAR",2520000),
(100,"BLUE BILL PARK",82,"SANTIAGO","SANTIAGO",8320000),
(101,"AUTUMN LEAF",9,"VITACURA","ISLA DE PASCUA",2770000),
(102,"TOWNE",411,"QUINTA NORMAL","VALPARAISO",2340000),
(103,"SHERIDAN",6,"LA CISTERNA","PUERTO MONTT",5480000),
(104,"HALLOWS",285,"SAN JOAQUIN","CONCEPCION",3349001),
(105,"WALTON",98,"INDEPENDENCIA","VINA DEL MAR",2520000),
(106,"PORTAGE",68235,"SAN JOAQUIN","PUERTO VARAS",5550000),
(107,"GOLDEN LEAF",4929,"LOS CONDES","PUERTO VARAS",5550000),
(108,"MESSERSCHMIDT",9,"MAIPU","PUNTA ARENAS",6200000),
(109,"SHERIDAN",63245,"QUINTA NORMAL","CONCEPCION",3349001),
(110,"MILLER",9420,"SANTIAGO","PUERTO VARAS",5550000),
(111,"FULLER",60627,"LOS CONDES","LA SERENA",1700000),
(112,"WAXWING",23765,"MAIPU","SANTIAGO",8320000),
(113,"DONALD",9,"QUINTA NORMAL","ANTOFAGASTA",3580000),
(114,"VILLAGE GREEN",926,"LA CISTERNA","PUNTA ARENAS",6200000),
(115,"LINDEN",6532,"LA CISTERNA","VALPARAISO",2340000),
(116,"SAINT PAUL",89711,"VITACURA","CONCEPCION",3349001),
(117,"HAVEY",18270,"VITACURA","SANTIAGO",8320000),
(118,"NAMEKAGON",19855,"LA CISTERNA","PUERTO VARAS",5550000),
(119,"MUIR",6822,"QUINTA NORMAL","VALPARAISO",2340000),
(120,"DI LORETO",6,"MAIPU","VALPARAISO",2340000),
(121,"BROWN",9448,"QUILICURA","VALPARAISO",2340000),
(122,"FORDEM",295,"SAN JOAQUIN","SANTIAGO",8320000),
(123,"WEST",57,"INDEPENDENCIA","CONCEPCION",3349001),
(124,"MITCHELL",182,"LA CISTERNA","VALPARAISO",2340000),
(125,"MILLER",0,"VITACURA","SANTIAGO",8320000),
(126,"JOHNSON",641,"QUINTA NORMAL","VINA DEL MAR",2520000),
(127,"BADEAU",219,"INDEPENDENCIA","CONCEPCION",3349001),
(128,"OAKRIDGE",408,"VITACURA","SANTIAGO",8320000),
(129,"BUTTERNUT",1245,"SANTIAGO","VINA DEL MAR",2520000),
(130,"KIM",2,"SAN JOAQUIN","LA SERENA",1700000),
(131,"WARRIOR",4089,"ESTACION CENTRAL","SANTIAGO",8320000),
(132,"AMERICAN ASH",90474,"LA CISTERNA","PUNTA ARENAS",6200000),
(133,"HUXLEY",7773,"SANTIAGO","VINA DEL MAR",2520000),
(134,"KINGSFORD",94195,"QUINTA NORMAL","PUERTO VARAS",5550000),
(135,"AUTUMN LEAF",7,"VITACURA","VINA DEL MAR",2520000),
(136,"ONEILL",36,"QUINTA NORMAL","SANTIAGO",8320000),
(137,"BOWMAN",0,"QUINTA NORMAL","SANTIAGO",8320000),
(138,"THIERER",4019,"LOS CONDES","PUNTA ARENAS",6200000),
(139,"JOHN WALL",5,"QUINTA NORMAL","LA SERENA",1700000),
(140,"PARK MEADOW",2,"INDEPENDENCIA","ISLA DE PASCUA",2770000),
(141,"IOWA",76387,"VITACURA","PUNTA ARENAS",6200000),
(142,"DAVID",642,"INDEPENDENCIA","SANTIAGO",8320000),
(143,"GOLDEN LEAF",91,"VITACURA","PUERTO VARAS",5550000),
(144,"MELROSE",452,"QUINTA NORMAL","VINA DEL MAR",2520000),
(145,"NORTHFIELD",31,"VITACURA","PUERTO MONTT",5480000),
(146,"DREWRY",89,"VITACURA","SANTIAGO",8320000),
(147,"RUTLEDGE",9022,"LOS CONDES","VINA DEL MAR",2520000),
(148,"WAXWING",38969,"RECOLETA","CONCEPCION",3349001),
(149,"KROPF",13,"MAIPU","VALPARAISO",2340000),
(150,"MANUFACTURERS",70,"ESTACION CENTRAL","SANTIAGO",8320000),
(151,"CONTINENTAL",714,"INDEPENDENCIA","ISLA DE PASCUA",2770000),
(152,"VIDON",7256,"MAIPU","SANTIAGO",8320000),
(153,"GOLDEN LEAF",333,"INDEPENDENCIA","LA SERENA",1700000),
(154,"NORTHRIDGE",44501,"LA CISTERNA","ANTOFAGASTA",3580000),
(155,"STOUGHTON",223,"MAIPU","PUERTO MONTT",5480000),
(156,"STRAUBEL",2,"RECOLETA","ANTOFAGASTA",3580000),
(157,"HOLY CROSS",2,"LA CISTERNA","VINA DEL MAR",2520000),
(158,"SULLIVAN",95,"SAN JOAQUIN","CONCEPCION",3349001),
(159,"SWALLOW",25480,"QUILICURA","PUNTA ARENAS",6200000),
(160,"HOVDE",24420,"SAN JOAQUIN","PUERTO VARAS",5550000),
(161,"GREEN",866,"VITACURA","VINA DEL MAR",2520000),
(162,"STARLING",84,"MAIPU","PUERTO MONTT",5480000),
(163,"LUDINGTON",4,"SANTIAGO","ISLA DE PASCUA",2770000),
(164,"SOUTHRIDGE",3,"RECOLETA","PUERTO VARAS",5550000),
(165,"MORROW",7,"ESTACION CENTRAL","ANTOFAGASTA",3580000),
(166,"CROWLEY",69488,"LA CISTERNA","PUERTO MONTT",5480000),
(167,"CONTINENTAL",9,"VITACURA","CONCEPCION",3349001),
(168,"GRASSKAMP",9,"LOS CONDES","ISLA DE PASCUA",2770000),
(169,"CONTINENTAL",595,"INDEPENDENCIA","ANTOFAGASTA",3580000),
(170,"MANDRAKE",81,"QUINTA NORMAL","PUERTO VARAS",5550000),
(171,"TRAILSWAY",187,"SAN JOAQUIN","PUNTA ARENAS",6200000),
(172,"LERDAHL",1,"VITACURA","PUERTO VARAS",5550000),
(173,"MARINERS COVE",16,"INDEPENDENCIA","CONCEPCION",3349001),
(174,"VAHLEN",117,"MAIPU","PUERTO MONTT",5480000),
(175,"DELLADONNA",25,"SAN JOAQUIN","VALPARAISO",2340000),
(176,"OXFORD",87774,"SANTIAGO","VINA DEL MAR",2520000),
(177,"KINGSFORD",7336,"LA CISTERNA","LA SERENA",1700000),
(178,"SUTTERIDGE",54052,"QUILICURA","SANTIAGO",8320000),
(179,"KEDZIE",92,"RECOLETA","SANTIAGO",8320000),
(180,"NORTHWESTERN",5,"QUILICURA","PUERTO MONTT",5480000),
(181,"ANHALT",6,"LOS CONDES","SANTIAGO",8320000),
(182,"VERMONT",5,"RECOLETA","LA SERENA",1700000),
(183,"BELLGROVE",7063,"QUINTA NORMAL","PUERTO VARAS",5550000),
(184,"CARDINAL",94,"SANTIAGO","LA SERENA",1700000),
(185,"WARNER",3075,"LOS CONDES","PUERTO VARAS",5550000),
(186,"ESKER",45,"QUINTA NORMAL","PUNTA ARENAS",6200000),
(187,"BADEAU",638,"LOS CONDES","PUERTO MONTT",5480000),
(188,"STRAUBEL",24037,"LOS CONDES","ANTOFAGASTA",3580000),
(189,"RUSK",621,"LOS CONDES","CONCEPCION",3349001),
(190,"MENOMONIE",385,"SAN JOAQUIN","LA SERENA",1700000),
(191,"SUMMERVIEW",211,"QUINTA NORMAL","PUNTA ARENAS",6200000),
(192,"MERRY",4,"LA CISTERNA","PUNTA ARENAS",6200000),
(193,"BUNKER HILL",17,"LOS CONDES","VALPARAISO",2340000),
(194,"REINDAHL",5,"QUILICURA","PUNTA ARENAS",6200000),
(195,"SCHMEDEMAN",4788,"RECOLETA","VINA DEL MAR",2520000),
(196,"HOFFMAN",75,"VITACURA","ANTOFAGASTA",3580000),
(197,"TONY",17,"QUINTA NORMAL","PUERTO MONTT",5480000),
(198,"REDWING",9003,"ESTACION CENTRAL","PUERTO MONTT",5480000),
(199,"JAY",60,"RECOLETA","VALPARAISO",2340000),
(200,"FOREST RUN",86533,"MAIPU","VINA DEL MAR",2520000),
(201,"LINDEN",5,"QUINTA NORMAL","CONCEPCION",3349001),
(202,"PRAIRIE ROSE",15551,"VITACURA","PUERTO MONTT",5480000),
(203,"HARPER",7,"QUINTA NORMAL","ISLA DE PASCUA",2770000),
(204,"STEPHEN",2,"ESTACION CENTRAL","ANTOFAGASTA",3580000),
(205,"BLUESTEM",6,"SANTIAGO","PUERTO MONTT",5480000),
(206,"ARKANSAS",8,"SAN JOAQUIN","ANTOFAGASTA",3580000),
(207,"OAKRIDGE",22,"ESTACION CENTRAL","VALPARAISO",2340000),
(208,"PETTERLE",393,"RECOLETA","VALPARAISO",2340000),
(209,"REINKE",499,"VITACURA","VINA DEL MAR",2520000),
(210,"HANOVER",13385,"LOS CONDES","PUNTA ARENAS",6200000),
(211,"MESSERSCHMIDT",6566,"LA CISTERNA","LA SERENA",1700000),
(212,"SUTHERLAND",5,"INDEPENDENCIA","VINA DEL MAR",2520000),
(213,"ILENE",12857,"RECOLETA","PUERTO VARAS",5550000),
(214,"MELODY",8,"QUILICURA","VINA DEL MAR",2520000),
(215,"BUELL",72111,"SAN JOAQUIN","PUNTA ARENAS",6200000),
(216,"SWALLOW",934,"INDEPENDENCIA","ANTOFAGASTA",3580000),
(217,"SLOAN",4803,"LA CISTERNA","VINA DEL MAR",2520000),
(218,"MERRICK",51717,"LOS CONDES","CONCEPCION",3349001),
(219,"LYONS",17954,"SAN JOAQUIN","PUERTO VARAS",5550000),
(220,"CHARING CROSS",19,"INDEPENDENCIA","PUNTA ARENAS",6200000),
(221,"GOLF VIEW",89,"ESTACION CENTRAL","PUERTO VARAS",5550000),
(222,"ROWLAND",8076,"ESTACION CENTRAL","PUERTO MONTT",5480000),
(223,"GINA",82160,"QUINTA NORMAL","PUERTO VARAS",5550000),
(224,"CODY",95064,"RECOLETA","PUERTO MONTT",5480000),
(225,"GINA",65,"INDEPENDENCIA","PUNTA ARENAS",6200000),
(226,"HEATH",82,"QUINTA NORMAL","LA SERENA",1700000),
(227,"CLYDE GALLAGHER",34,"LA CISTERNA","PUERTO VARAS",5550000),
(228,"SPENSER",2,"VITACURA","ISLA DE PASCUA",2770000),
(229,"POND",359,"LOS CONDES","PUERTO VARAS",5550000),
(230,"OHIO",2,"INDEPENDENCIA","LA SERENA",1700000),
(231,"LUDINGTON",4,"INDEPENDENCIA","SANTIAGO",8320000),
(232,"GRACELAND",4036,"LA CISTERNA","PUNTA ARENAS",6200000),
(233,"8TH",8514,"VITACURA","ANTOFAGASTA",3580000),
(234,"MOULTON",0,"SANTIAGO","ANTOFAGASTA",3580000),
(235,"HAVEY",51703,"LA CISTERNA","CONCEPCION",3349001),
(236,"CORBEN",8,"ESTACION CENTRAL","PUNTA ARENAS",6200000),
(237,"SWALLOW",294,"SAN JOAQUIN","PUERTO VARAS",5550000),
(238,"CONTINENTAL",5205,"QUILICURA","CONCEPCION",3349001),
(239,"SUGAR",23,"ESTACION CENTRAL","PUNTA ARENAS",6200000),
(240,"KROPF",25,"QUILICURA","VALPARAISO",2340000),
(241,"KNUTSON",523,"LA CISTERNA","PUERTO MONTT",5480000),
(242,"CONTINENTAL",28356,"ESTACION CENTRAL","ANTOFAGASTA",3580000),
(243,"MONTEREY",0,"INDEPENDENCIA","VALPARAISO",2340000),
(244,"TROY",6,"LOS CONDES","VALPARAISO",2340000),
(245,"LILLIAN",5253,"LA CISTERNA","ISLA DE PASCUA",2770000),
(246,"HOLMBERG",822,"SAN JOAQUIN","PUERTO VARAS",5550000),
(247,"SACHTJEN",265,"QUINTA NORMAL","PUERTO VARAS",5550000),
(248,"WESTERFIELD",21754,"MAIPU","SANTIAGO",8320000),
(249,"COOLIDGE",314,"QUINTA NORMAL","ISLA DE PASCUA",2770000),
(250,"GREEN RIDGE",1484,"VITACURA","SANTIAGO",8320000),
(251,"NORTHLAND",6460,"QUILICURA","PUERTO MONTT",5480000),
(252,"PLEASURE",109,"INDEPENDENCIA","VALPARAISO",2340000),
(253,"MAPLE WOOD",1,"VITACURA","VALPARAISO",2340000),
(254,"GLACIER HILL",73,"LOS CONDES","ANTOFAGASTA",3580000),
(255,"NANCY",363,"SAN JOAQUIN","LA SERENA",1700000),
(256,"KIM",47763,"VITACURA","ANTOFAGASTA",3580000),
(257,"COLUMBUS",93,"INDEPENDENCIA","LA SERENA",1700000),
(258,"NOBEL",15,"LOS CONDES","SANTIAGO",8320000),
(259,"MESSERSCHMIDT",92001,"ESTACION CENTRAL","CONCEPCION",3349001),
(260,"REDWING",542,"RECOLETA","VINA DEL MAR",2520000),
(261,"MARCY",0,"RECOLETA","PUERTO VARAS",5550000),
(262,"SUMMIT",6,"SANTIAGO","LA SERENA",1700000),
(263,"MONTEREY",812,"MAIPU","CONCEPCION",3349001),
(264,"CAMBRIDGE",491,"SANTIAGO","VALPARAISO",2340000),
(265,"BRIAR CREST",3,"QUINTA NORMAL","ISLA DE PASCUA",2770000),
(266,"GOLF COURSE",14,"RECOLETA","PUERTO VARAS",5550000),
(267,"RYAN",5924,"INDEPENDENCIA","LA SERENA",1700000),
(268,"SACHS",48,"MAIPU","CONCEPCION",3349001),
(269,"ARIZONA",6,"RECOLETA","ANTOFAGASTA",3580000),
(270,"ANDERSON",26718,"QUINTA NORMAL","CONCEPCION",3349001),
(271,"GRASSKAMP",6717,"SANTIAGO","SANTIAGO",8320000),
(272,"FREMONT",0,"RECOLETA","ISLA DE PASCUA",2770000),
(273,"TENNYSON",8,"SAN JOAQUIN","PUERTO VARAS",5550000),
(274,"SHOPKO",3,"SANTIAGO","ISLA DE PASCUA",2770000),
(275,"ROXBURY",16,"INDEPENDENCIA","CONCEPCION",3349001),
(276,"SCOTT",8776,"MAIPU","PUERTO VARAS",5550000),
(277,"CLYDE GALLAGHER",9,"LA CISTERNA","ANTOFAGASTA",3580000),
(278,"CROWLEY",2,"SAN JOAQUIN","SANTIAGO",8320000),
(279,"PRENTICE",5,"MAIPU","SANTIAGO",8320000),
(280,"DAVID",74483,"LA CISTERNA","LA SERENA",1700000),
(281,"NORTHWESTERN",40,"QUINTA NORMAL","VALPARAISO",2340000),
(282,"HEFFERNAN",84,"SANTIAGO","ANTOFAGASTA",3580000),
(283,"ORIN",60,"QUILICURA","PUNTA ARENAS",6200000),
(284,"INTERNATIONAL",7,"ESTACION CENTRAL","CONCEPCION",3349001),
(285,"ESKER",28,"QUILICURA","SANTIAGO",8320000),
(286,"EGGENDART",96,"LOS CONDES","CONCEPCION",3349001),
(287,"RAVEN",9,"LOS CONDES","ISLA DE PASCUA",2770000),
(288,"STUART",97,"QUILICURA","VALPARAISO",2340000),
(289,"DEL MAR",18656,"SAN JOAQUIN","LA SERENA",1700000),
(290,"OXFORD",38575,"RECOLETA","ISLA DE PASCUA",2770000),
(291,"FAIRVIEW",825,"ESTACION CENTRAL","PUNTA ARENAS",6200000),
(292,"NORTHPORT",68,"SAN JOAQUIN","ANTOFAGASTA",3580000),
(293,"MAYER",95154,"LOS CONDES","ANTOFAGASTA",3580000),
(294,"STRAUBEL",8575,"SAN JOAQUIN","VINA DEL MAR",2520000),
(295,"BARNETT",28,"LA CISTERNA","LA SERENA",1700000),
(296,"TONY",69,"ESTACION CENTRAL","CONCEPCION",3349001),
(297,"ONSGARD",8,"SANTIAGO","PUERTO VARAS",5550000),
(298,"NOVA",7087,"RECOLETA","ISLA DE PASCUA",2770000),
(299,"CARIOCA",2917,"SANTIAGO","PUERTO MONTT",5480000),
(300,"BANDING",7839,"ESTACION CENTRAL","PUNTA ARENAS",6200000),
(301,"GALE",19795,"ESTACION CENTRAL","ISLA DE PASCUA",2770000),
(302,"HANSON",680,"MAIPU","ISLA DE PASCUA",2770000),
(303,"FARRAGUT",583,"QUINTA NORMAL","PUNTA ARENAS",6200000),
(304,"ESKER",60,"SANTIAGO","CONCEPCION",3349001),
(305,"VEITH",94151,"LA CISTERNA","SANTIAGO",8320000),
(306,"MONTEREY",8134,"QUILICURA","ISLA DE PASCUA",2770000),
(307,"STRAUBEL",806,"LOS CONDES","SANTIAGO",8320000),
(308,"HAVEY",7,"SAN JOAQUIN","ISLA DE PASCUA",2770000),
(309,"POND",6551,"VITACURA","PUNTA ARENAS",6200000),
(310,"VEITH",99,"LOS CONDES","LA SERENA",1700000),
(311,"SAUTHOFF",917,"VITACURA","PUNTA ARENAS",6200000),
(312,"RIDGEWAY",2,"SAN JOAQUIN","VINA DEL MAR",2520000),
(313,"MUIR",53953,"QUINTA NORMAL","PUNTA ARENAS",6200000),
(314,"ARMISTICE",4,"ESTACION CENTRAL","LA SERENA",1700000),
(315,"WAYRIDGE",63845,"RECOLETA","SANTIAGO",8320000),
(316,"MENDOTA",58698,"ESTACION CENTRAL","ANTOFAGASTA",3580000),
(317,"CAMBRIDGE",9,"RECOLETA","LA SERENA",1700000),
(318,"MILLER",883,"LOS CONDES","SANTIAGO",8320000),
(319,"GALE",10,"SANTIAGO","SANTIAGO",8320000),
(320,"GRIM",5164,"SAN JOAQUIN","ISLA DE PASCUA",2770000),
(321,"8TH",629,"RECOLETA","PUNTA ARENAS",6200000),
(322,"CHEROKEE",29026,"QUINTA NORMAL","ANTOFAGASTA",3580000),
(323,"STEPHEN",3650,"INDEPENDENCIA","VINA DEL MAR",2520000),
(324,"PLEASURE",51953,"QUILICURA","VALPARAISO",2340000),
(325,"STEPHEN",69,"INDEPENDENCIA","VINA DEL MAR",2520000),
(326,"BUENA VISTA",8933,"QUINTA NORMAL","ANTOFAGASTA",3580000),
(327,"MESTA",7152,"SAN JOAQUIN","ANTOFAGASTA",3580000),
(328,"KINGSFORD",90197,"SAN JOAQUIN","VALPARAISO",2340000),
(329,"DEL SOL",7,"MAIPU","PUERTO VARAS",5550000),
(330,"WAYRIDGE",6,"QUILICURA","CONCEPCION",3349001),
(331,"LOOMIS",7866,"LA CISTERNA","VALPARAISO",2340000),
(332,"HAVEY",72606,"VITACURA","ISLA DE PASCUA",2770000),
(333,"VALLEY EDGE",49376,"INDEPENDENCIA","ANTOFAGASTA",3580000),
(334,"DORTON",70,"LOS CONDES","SANTIAGO",8320000),
(335,"HEFFERNAN",553,"SANTIAGO","LA SERENA",1700000),
(336,"NORTH",0,"SANTIAGO","ANTOFAGASTA",3580000),
(337,"HERMINA",4,"INDEPENDENCIA","SANTIAGO",8320000),
(338,"DIXON",98103,"SAN JOAQUIN","CONCEPCION",3349001),
(339,"JUDY",4,"LA CISTERNA","ANTOFAGASTA",3580000),
(340,"STEPHEN",52901,"LOS CONDES","CONCEPCION",3349001),
(341,"DEL MAR",3169,"QUILICURA","ANTOFAGASTA",3580000),
(342,"BOWMAN",448,"INDEPENDENCIA","PUNTA ARENAS",6200000),
(343,"ARTISAN",94406,"SANTIAGO","VALPARAISO",2340000),
(344,"DUNNING",8192,"MAIPU","LA SERENA",1700000),
(345,"EAGLE CREST",1114,"LA CISTERNA","ANTOFAGASTA",3580000),
(346,"CLOVE",597,"SANTIAGO","LA SERENA",1700000),
(347,"BLAINE",9079,"LA CISTERNA","VINA DEL MAR",2520000),
(348,"ALPINE",92234,"RECOLETA","PUERTO MONTT",5480000),
(349,"BASIL",753,"ESTACION CENTRAL","SANTIAGO",8320000),
(350,"DOE CROSSING",6111,"LA CISTERNA","CONCEPCION",3349001),
(351,"DRYDEN",4,"QUILICURA","CONCEPCION",3349001),
(352,"HARPER",8,"ESTACION CENTRAL","VALPARAISO",2340000),
(353,"ONEILL",34,"VITACURA","PUNTA ARENAS",6200000),
(354,"TWIN PINES",0,"QUILICURA","PUERTO VARAS",5550000),
(355,"OLD GATE",148,"RECOLETA","SANTIAGO",8320000),
(356,"INTERNATIONAL",0,"ESTACION CENTRAL","VALPARAISO",2340000),
(357,"KEDZIE",433,"QUINTA NORMAL","LA SERENA",1700000),
(358,"AMERICAN",7,"VITACURA","PUERTO MONTT",5480000),
(359,"PRAIRIEVIEW",6,"QUINTA NORMAL","PUERTO MONTT",5480000),
(360,"MELBY",22514,"MAIPU","LA SERENA",1700000),
(361,"GOLDEN LEAF",10999,"SANTIAGO","PUERTO MONTT",5480000),
(362,"SHELLEY",5,"RECOLETA","VALPARAISO",2340000),
(363,"PIERSTORFF",94347,"INDEPENDENCIA","ANTOFAGASTA",3580000),
(364,"BUTTERNUT",458,"LA CISTERNA","VINA DEL MAR",2520000),
(365,"CHARING CROSS",8,"LOS CONDES","VALPARAISO",2340000),
(366,"DOVETAIL",8,"LOS CONDES","ANTOFAGASTA",3580000),
(367,"SHELLEY",1156,"LOS CONDES","ANTOFAGASTA",3580000),
(368,"TRUAX",250,"ESTACION CENTRAL","VALPARAISO",2340000),
(369,"SCHURZ",3380,"LOS CONDES","CONCEPCION",3349001),
(370,"VILLAGE GREEN",296,"RECOLETA","PUERTO MONTT",5480000),
(371,"EAGAN",1216,"LA CISTERNA","PUNTA ARENAS",6200000),
(372,"CONTINENTAL",6093,"QUILICURA","VINA DEL MAR",2520000),
(373,"BUENA VISTA",58,"LOS CONDES","VALPARAISO",2340000),
(374,"GULSETH",78,"RECOLETA","PUNTA ARENAS",6200000),
(375,"STEENSLAND",3911,"MAIPU","VALPARAISO",2340000),
(376,"MAPLE",144,"QUINTA NORMAL","LA SERENA",1700000),
(377,"LONGVIEW",33,"QUINTA NORMAL","LA SERENA",1700000),
(378,"7TH",5816,"QUINTA NORMAL","LA SERENA",1700000),
(379,"SAINT PAUL",3,"QUILICURA","VINA DEL MAR",2520000),
(380,"LOFTSGORDON",44,"LOS CONDES","PUNTA ARENAS",6200000),
(381,"RIDGEWAY",4,"QUINTA NORMAL","PUERTO MONTT",5480000),
(382,"LARRY",4718,"QUINTA NORMAL","ISLA DE PASCUA",2770000),
(383,"LUSTER",334,"QUINTA NORMAL","ISLA DE PASCUA",2770000),
(384,"ANZINGER",0,"LA CISTERNA","PUERTO MONTT",5480000),
(385,"RAVEN",467,"SANTIAGO","VALPARAISO",2340000),
(386,"HOVDE",787,"LA CISTERNA","ANTOFAGASTA",3580000),
(387,"THIERER",44,"RECOLETA","ISLA DE PASCUA",2770000),
(388,"CLAREMONT",536,"QUILICURA","PUNTA ARENAS",6200000),
(389,"RUSKIN",46969,"ESTACION CENTRAL","PUERTO MONTT",5480000),
(390,"ELMSIDE",579,"SAN JOAQUIN","VALPARAISO",2340000),
(391,"DIVISION",57,"INDEPENDENCIA","CONCEPCION",3349001),
(392,"FULLER",6202,"SANTIAGO","SANTIAGO",8320000),
(393,"HAZELCREST",72,"SANTIAGO","PUERTO VARAS",5550000),
(394,"DEREK",4630,"RECOLETA","SANTIAGO",8320000),
(395,"7TH",95,"SANTIAGO","ISLA DE PASCUA",2770000),
(396,"STEPHEN",6514,"SANTIAGO","PUERTO VARAS",5550000),
(397,"ESCH",57570,"QUILICURA","ISLA DE PASCUA",2770000),
(398,"JOHNSON",29,"VITACURA","CONCEPCION",3349001),
(399,"ERIE",3615,"ESTACION CENTRAL","VALPARAISO",2340000),
(400,"1ST",53,"SAN JOAQUIN","PUNTA ARENAS",6200000),
(401,"HOEPKER",5097,"QUINTA NORMAL","VALPARAISO",2340000),
(402,"SERVICE",720,"VITACURA","LA SERENA",1700000),
(403,"FALLVIEW",31,"SAN JOAQUIN","ISLA DE PASCUA",2770000),
(404,"LYONS",51,"LOS CONDES","CONCEPCION",3349001),
(405,"MARINERS COVE",7748,"QUINTA NORMAL","VALPARAISO",2340000),
(406,"FREMONT",80,"RECOLETA","PUNTA ARENAS",6200000),
(407,"ERIE",1,"ESTACION CENTRAL","PUNTA ARENAS",6200000),
(408,"SHASTA",30,"SANTIAGO","CONCEPCION",3349001),
(409,"NAMEKAGON",8,"MAIPU","VALPARAISO",2340000),
(410,"NELSON",94995,"ESTACION CENTRAL","VALPARAISO",2340000),
(411,"SUMMER RIDGE",59203,"QUINTA NORMAL","SANTIAGO",8320000),
(412,"FOREST",9,"LA CISTERNA","PUERTO VARAS",5550000),
(413,"STANG",1,"INDEPENDENCIA","CONCEPCION",3349001),
(414,"STANG",5,"LOS CONDES","VALPARAISO",2340000),
(415,"BOBWHITE",18279,"SANTIAGO","PUNTA ARENAS",6200000),
(416,"WASHINGTON",33184,"SAN JOAQUIN","LA SERENA",1700000),
(417,"ANNIVERSARY",78,"SANTIAGO","VINA DEL MAR",2520000),
(418,"BRENTWOOD",3,"QUILICURA","LA SERENA",1700000),
(419,"HAUK",76573,"VITACURA","LA SERENA",1700000),
(420,"JOHNSON",66872,"LA CISTERNA","ANTOFAGASTA",3580000),
(421,"HAUK",1,"LA CISTERNA","PUERTO VARAS",5550000),
(422,"MANITOWISH",6,"QUINTA NORMAL","SANTIAGO",8320000),
(423,"DI LORETO",7308,"RECOLETA","ANTOFAGASTA",3580000),
(424,"MEADOW VALLEY",9710,"VITACURA","ANTOFAGASTA",3580000),
(425,"MIFFLIN",37174,"LA CISTERNA","ANTOFAGASTA",3580000),
(426,"VIDON",683,"RECOLETA","VINA DEL MAR",2520000),
(427,"ROXBURY",148,"MAIPU","ANTOFAGASTA",3580000),
(428,"BAY",27628,"SAN JOAQUIN","VINA DEL MAR",2520000),
(429,"SUMMER RIDGE",97,"QUINTA NORMAL","SANTIAGO",8320000),
(430,"JACKSON",960,"SAN JOAQUIN","PUNTA ARENAS",6200000),
(431,"CORRY",7386,"RECOLETA","PUERTO MONTT",5480000),
(432,"CASCADE",337,"INDEPENDENCIA","SANTIAGO",8320000),
(433,"DRYDEN",520,"LOS CONDES","LA SERENA",1700000),
(434,"FREMONT",527,"SAN JOAQUIN","LA SERENA",1700000),
(435,"NORTHRIDGE",7,"VITACURA","VALPARAISO",2340000),
(436,"MENDOTA",52623,"SANTIAGO","PUERTO MONTT",5480000),
(437,"PAGET",7,"MAIPU","ISLA DE PASCUA",2770000),
(438,"VAHLEN",9812,"LOS CONDES","PUNTA ARENAS",6200000),
(439,"DI LORETO",9,"QUINTA NORMAL","PUERTO VARAS",5550000),
(440,"GALE",9,"LOS CONDES","CONCEPCION",3349001),
(441,"HOVDE",73671,"LOS CONDES","ISLA DE PASCUA",2770000),
(442,"ELMSIDE",516,"INDEPENDENCIA","ISLA DE PASCUA",2770000),
(443,"UNION",4097,"INDEPENDENCIA","PUERTO MONTT",5480000),
(444,"LA FOLLETTE",614,"INDEPENDENCIA","VINA DEL MAR",2520000),
(445,"KEDZIE",321,"SANTIAGO","ANTOFAGASTA",3580000),
(446,"ATWOOD",2821,"LA CISTERNA","ANTOFAGASTA",3580000),
(447,"MARQUETTE",8,"SANTIAGO","ISLA DE PASCUA",2770000),
(448,"SERVICE",273,"SAN JOAQUIN","LA SERENA",1700000),
(449,"WESTERFIELD",5064,"LOS CONDES","VALPARAISO",2340000),
(450,"RYAN",93,"LOS CONDES","SANTIAGO",8320000),
(451,"BUTTERNUT",81,"LOS CONDES","VALPARAISO",2340000),
(452,"ILENE",1686,"SAN JOAQUIN","PUNTA ARENAS",6200000),
(453,"BROWN",62,"MAIPU","CONCEPCION",3349001),
(454,"PLEASURE",21,"SAN JOAQUIN","PUNTA ARENAS",6200000),
(455,"PIERSTORFF",6,"SANTIAGO","PUERTO MONTT",5480000),
(456,"BRICKSON PARK",18,"RECOLETA","ANTOFAGASTA",3580000),
(457,"PINE VIEW",48610,"QUILICURA","PUERTO VARAS",5550000),
(458,"CHEROKEE",57358,"ESTACION CENTRAL","PUERTO MONTT",5480000),
(459,"SCHILLER",520,"LA CISTERNA","ISLA DE PASCUA",2770000),
(460,"HAYES",5,"VITACURA","PUERTO MONTT",5480000),
(461,"SPRINGS",4995,"QUINTA NORMAL","PUERTO MONTT",5480000),
(462,"BIRCHWOOD",601,"ESTACION CENTRAL","SANTIAGO",8320000),
(463,"BUTTERFIELD",403,"SANTIAGO","ANTOFAGASTA",3580000),
(464,"ANNAMARK",2,"LOS CONDES","VALPARAISO",2340000),
(465,"GLACIER HILL",555,"QUILICURA","SANTIAGO",8320000),
(466,"RIGNEY",854,"QUINTA NORMAL","ISLA DE PASCUA",2770000),
(467,"LONDONDERRY",21006,"QUILICURA","PUNTA ARENAS",6200000),
(468,"BRICKSON PARK",56226,"MAIPU","SANTIAGO",8320000),
(469,"OLD GATE",3,"ESTACION CENTRAL","ANTOFAGASTA",3580000),
(470,"JENIFER",81298,"SAN JOAQUIN","PUERTO MONTT",5480000),
(471,"SHASTA",1,"ESTACION CENTRAL","VALPARAISO",2340000),
(472,"ESKER",819,"VITACURA","SANTIAGO",8320000),
(473,"SPRINGVIEW",219,"ESTACION CENTRAL","PUERTO MONTT",5480000),
(474,"RANDY",29,"QUINTA NORMAL","CONCEPCION",3349001),
(475,"DIXON",42774,"RECOLETA","ANTOFAGASTA",3580000),
(476,"ALPINE",15,"RECOLETA","VINA DEL MAR",2520000),
(477,"MERRICK",8431,"RECOLETA","PUERTO VARAS",5550000),
(478,"SPENSER",2,"LOS CONDES","SANTIAGO",8320000),
(479,"HAUK",9294,"INDEPENDENCIA","LA SERENA",1700000),
(480,"LUSTER",4,"INDEPENDENCIA","LA SERENA",1700000),
(481,"SUNBROOK",15377,"QUINTA NORMAL","VALPARAISO",2340000),
(482,"MORNING",6733,"QUINTA NORMAL","VALPARAISO",2340000),
(483,"ESKER",608,"VITACURA","ANTOFAGASTA",3580000),
(484,"DARWIN",620,"LOS CONDES","VINA DEL MAR",2520000),
(485,"GREEN",74,"RECOLETA","LA SERENA",1700000),
(486,"LAKEWOOD GARDENS",4,"LA CISTERNA","SANTIAGO",8320000),
(487,"LOGAN",4,"QUILICURA","PUNTA ARENAS",6200000),
(488,"BANDING",898,"MAIPU","PUERTO MONTT",5480000),
(489,"REDWING",9,"LA CISTERNA","PUNTA ARENAS",6200000),
(490,"4TH",8153,"LA CISTERNA","PUERTO VARAS",5550000),
(491,"FREMONT",398,"LA CISTERNA","PUERTO MONTT",5480000),
(492,"PRAIRIE ROSE",34688,"QUILICURA","PUERTO MONTT",5480000),
(493,"FARWELL",66995,"INDEPENDENCIA","CONCEPCION",3349001),
(494,"HARBORT",58557,"MAIPU","VINA DEL MAR",2520000),
(495,"LOFTSGORDON",10,"RECOLETA","VINA DEL MAR",2520000),
(496,"DEBS",65280,"MAIPU","ANTOFAGASTA",3580000),
(497,"ARAPAHOE",230,"ESTACION CENTRAL","VALPARAISO",2340000),
(498,"MAPLE WOOD",4,"SANTIAGO","ANTOFAGASTA",3580000),
(499,"BLUEJAY",69,"QUILICURA","PUERTO MONTT",5480000),
(500,"HAZELCREST",86,"RECOLETA","VINA DEL MAR",2520000),
(501,"PORTER",0,"SANTIAGO","PUNTA ARENAS",6200000),
(502,"PETTERLE",98469,"QUINTA NORMAL","SANTIAGO",8320000),
(503,"EXPRESS",7,"RECOLETA","VINA DEL MAR",2520000),
(504,"ORIOLE",7,"LA CISTERNA","LA SERENA",1700000),
(505,"SHOPKO",109,"VITACURA","ANTOFAGASTA",3580000),
(506,"PARK MEADOW",19,"SAN JOAQUIN","PUNTA ARENAS",6200000),
(507,"BLUEJAY",7,"QUILICURA","SANTIAGO",8320000),
(508,"ABERG",74,"VITACURA","LA SERENA",1700000),
(509,"MAPLE WOOD",56,"SAN JOAQUIN","PUNTA ARENAS",6200000),
(510,"CANARY",7,"QUINTA NORMAL","PUERTO MONTT",5480000),
(511,"CANARY",43612,"SAN JOAQUIN","CONCEPCION",3349001),
(512,"LOTHEVILLE",73559,"SAN JOAQUIN","LA SERENA",1700000),
(513,"ABERG",115,"RECOLETA","CONCEPCION",3349001),
(514,"NORTHPORT",204,"SANTIAGO","CONCEPCION",3349001),
(515,"PINE VIEW",84237,"LA CISTERNA","PUERTO VARAS",5550000),
(516,"GREEN",8,"MAIPU","VALPARAISO",2340000),
(517,"GLACIER HILL",515,"QUILICURA","VALPARAISO",2340000),
(518,"MESSERSCHMIDT",3,"SAN JOAQUIN","SANTIAGO",8320000),
(519,"WAYWOOD",20028,"QUINTA NORMAL","LA SERENA",1700000),
(520,"OHIO",82092,"LOS CONDES","ANTOFAGASTA",3580000),
(521,"PACKERS",61,"LA CISTERNA","ANTOFAGASTA",3580000),
(522,"SUMMER RIDGE",79769,"LA CISTERNA","PUERTO MONTT",5480000),
(523,"BROWNING",6,"LOS CONDES","ISLA DE PASCUA",2770000),
(524,"DEBRA",40,"LA CISTERNA","ISLA DE PASCUA",2770000),
(525,"SURREY",309,"QUINTA NORMAL","ISLA DE PASCUA",2770000),
(526,"JAY",3445,"VITACURA","LA SERENA",1700000),
(527,"LUNDER",1,"SAN JOAQUIN","CONCEPCION",3349001),
(528,"ELIOT",5,"LOS CONDES","PUERTO MONTT",5480000),
(529,"WEST",3,"SANTIAGO","ANTOFAGASTA",3580000),
(530,"DOE CROSSING",34,"LOS CONDES","PUNTA ARENAS",6200000),
(531,"FIELDSTONE",66,"ESTACION CENTRAL","PUERTO MONTT",5480000),
(532,"GRACELAND",89121,"MAIPU","CONCEPCION",3349001),
(533,"NOBEL",994,"QUINTA NORMAL","SANTIAGO",8320000),
(534,"PETTERLE",350,"RECOLETA","ANTOFAGASTA",3580000),
(535,"MAGDELINE",7481,"ESTACION CENTRAL","LA SERENA",1700000),
(536,"HAYES",726,"ESTACION CENTRAL","PUERTO VARAS",5550000),
(537,"MICHIGAN",60596,"INDEPENDENCIA","SANTIAGO",8320000),
(538,"LOFTSGORDON",85392,"QUILICURA","ISLA DE PASCUA",2770000),
(539,"SURREY",62953,"QUILICURA","SANTIAGO",8320000),
(540,"LUSTER",4468,"VITACURA","PUERTO VARAS",5550000),
(541,"RANDY",89,"RECOLETA","ANTOFAGASTA",3580000),
(542,"EXPRESS",96,"LA CISTERNA","ISLA DE PASCUA",2770000),
(543,"MOULTON",3,"SAN JOAQUIN","ANTOFAGASTA",3580000),
(544,"LILLIAN",62727,"QUINTA NORMAL","PUNTA ARENAS",6200000),
(545,"ATWOOD",3432,"QUINTA NORMAL","PUNTA ARENAS",6200000),
(546,"LAKEWOOD GARDENS",1295,"INDEPENDENCIA","VALPARAISO",2340000),
(547,"BANDING",28,"INDEPENDENCIA","ANTOFAGASTA",3580000),
(548,"HOFFMAN",638,"QUILICURA","ANTOFAGASTA",3580000),
(549,"MELODY",8,"RECOLETA","VINA DEL MAR",2520000),
(550,"MARCY",9,"LOS CONDES","ANTOFAGASTA",3580000),
(551,"TRANSPORT",21,"LA CISTERNA","VINA DEL MAR",2520000),
(552,"PAGET",5509,"LOS CONDES","SANTIAGO",8320000),
(553,"CHEROKEE",95,"ESTACION CENTRAL","SANTIAGO",8320000),
(554,"SUMMERVIEW",0,"QUINTA NORMAL","PUERTO MONTT",5480000),
(555,"CONTINENTAL",2,"INDEPENDENCIA","CONCEPCION",3349001),
(556,"MENDOTA",80,"LOS CONDES","CONCEPCION",3349001),
(557,"EAGAN",9,"INDEPENDENCIA","ISLA DE PASCUA",2770000),
(558,"CHINOOK",204,"RECOLETA","PUERTO MONTT",5480000),
(559,"SUNNYSIDE",28076,"SAN JOAQUIN","PUNTA ARENAS",6200000),
(560,"LUDINGTON",26117,"RECOLETA","CONCEPCION",3349001),
(561,"PORTAGE",7,"RECOLETA","PUERTO VARAS",5550000),
(562,"TENNYSON",48034,"LOS CONDES","CONCEPCION",3349001),
(563,"ARMISTICE",2,"LOS CONDES","LA SERENA",1700000),
(564,"SCHLIMGEN",27,"INDEPENDENCIA","CONCEPCION",3349001),
(565,"CORRY",71,"RECOLETA","PUERTO MONTT",5480000),
(566,"SOMMERS",75,"SAN JOAQUIN","PUERTO VARAS",5550000),
(567,"CLOVE",2,"ESTACION CENTRAL","VALPARAISO",2340000),
(568,"GROVER",47280,"QUINTA NORMAL","ISLA DE PASCUA",2770000),
(569,"SUNDOWN",29,"ESTACION CENTRAL","VALPARAISO",2340000),
(570,"STANG",4,"LOS CONDES","SANTIAGO",8320000),
(571,"LONDONDERRY",9,"RECOLETA","SANTIAGO",8320000),
(572,"HOMEWOOD",113,"ESTACION CENTRAL","PUNTA ARENAS",6200000),
(573,"CASCADE",823,"VITACURA","ISLA DE PASCUA",2770000),
(574,"ONSGARD",2170,"ESTACION CENTRAL","VINA DEL MAR",2520000),
(575,"BRENTWOOD",2,"SANTIAGO","PUERTO MONTT",5480000),
(576,"BELLGROVE",7022,"QUILICURA","VALPARAISO",2340000),
(577,"GLACIER HILL",8969,"QUINTA NORMAL","ISLA DE PASCUA",2770000),
(578,"PENNSYLVANIA",97008,"INDEPENDENCIA","VINA DEL MAR",2520000),
(579,"BECKER",4250,"QUINTA NORMAL","ANTOFAGASTA",3580000),
(580,"HERMINA",6897,"INDEPENDENCIA","PUERTO VARAS",5550000),
(581,"HUXLEY",46484,"ESTACION CENTRAL","VALPARAISO",2340000),
(582,"MANITOWISH",1,"SAN JOAQUIN","ISLA DE PASCUA",2770000),
(583,"FORDEM",44117,"QUINTA NORMAL","VINA DEL MAR",2520000),
(584,"HOLLOW RIDGE",61,"LOS CONDES","ANTOFAGASTA",3580000),
(585,"MEADOW RIDGE",37869,"ESTACION CENTRAL","PUERTO VARAS",5550000),
(586,"SPAIGHT",1,"MAIPU","PUERTO VARAS",5550000),
(587,"COTTONWOOD",823,"SAN JOAQUIN","PUERTO MONTT",5480000),
(588,"2ND",8534,"MAIPU","SANTIAGO",8320000),
(589,"MONUMENT",1,"LOS CONDES","PUERTO MONTT",5480000),
(590,"6TH",89024,"ESTACION CENTRAL","ANTOFAGASTA",3580000),
(591,"ESKER",75,"SAN JOAQUIN","SANTIAGO",8320000),
(592,"HANOVER",7563,"LA CISTERNA","VINA DEL MAR",2520000),
(593,"FIELDSTONE",796,"INDEPENDENCIA","VINA DEL MAR",2520000),
(594,"SAUTHOFF",634,"INDEPENDENCIA","PUERTO VARAS",5550000),
(595,"SCHMEDEMAN",2,"INDEPENDENCIA","LA SERENA",1700000),
(596,"SUGAR",49694,"SANTIAGO","VINA DEL MAR",2520000),
(597,"FARWELL",68628,"INDEPENDENCIA","VINA DEL MAR",2520000),
(598,"SUNDOWN",79,"LOS CONDES","PUERTO MONTT",5480000),
(599,"GOODLAND",9,"VITACURA","PUNTA ARENAS",6200000),
(600,"CODY",274,"LA CISTERNA","LA SERENA",1700000),
(601,"MERRICK",6,"SANTIAGO","ANTOFAGASTA",3580000),
(602,"ONEILL",48,"QUILICURA","PUNTA ARENAS",6200000),
(603,"BUENA VISTA",531,"INDEPENDENCIA","ISLA DE PASCUA",2770000),
(604,"CROWLEY",0,"LA CISTERNA","VINA DEL MAR",2520000),
(605,"AUTUMN LEAF",4554,"ESTACION CENTRAL","CONCEPCION",3349001),
(606,"MOULTON",790,"QUINTA NORMAL","CONCEPCION",3349001),
(607,"MERCHANT",4866,"ESTACION CENTRAL","PUERTO MONTT",5480000),
(608,"NAMEKAGON",76,"INDEPENDENCIA","LA SERENA",1700000),
(609,"GERALD",28,"ESTACION CENTRAL","PUERTO VARAS",5550000),
(610,"MESTA",3,"RECOLETA","SANTIAGO",8320000),
(611,"DAHLE",5,"SANTIAGO","ISLA DE PASCUA",2770000),
(612,"MOULTON",2,"QUILICURA","VINA DEL MAR",2520000),
(613,"ARIZONA",476,"QUINTA NORMAL","PUERTO MONTT",5480000),
(614,"DUKE",46135,"QUINTA NORMAL","ISLA DE PASCUA",2770000),
(615,"CLAREMONT",3613,"QUINTA NORMAL","ISLA DE PASCUA",2770000),
(616,"ANDERSON",4310,"LOS CONDES","CONCEPCION",3349001),
(617,"ROXBURY",8420,"ESTACION CENTRAL","ANTOFAGASTA",3580000),
(618,"LUDINGTON",895,"QUINTA NORMAL","VALPARAISO",2340000),
(619,"MANITOWISH",322,"VITACURA","VINA DEL MAR",2520000),
(620,"EMMET",8479,"VITACURA","SANTIAGO",8320000),
(621,"MOLAND",94,"LOS CONDES","PUNTA ARENAS",6200000),
(622,"WARBLER",796,"SANTIAGO","PUERTO VARAS",5550000),
(623,"WAXWING",359,"MAIPU","SANTIAGO",8320000),
(624,"BROWNING",26344,"ESTACION CENTRAL","PUERTO MONTT",5480000),
(625,"NORTHFIELD",3,"LOS CONDES","ISLA DE PASCUA",2770000),
(626,"REDWING",495,"ESTACION CENTRAL","VALPARAISO",2340000),
(627,"PINE VIEW",86,"LOS CONDES","SANTIAGO",8320000),
(628,"INTERNATIONAL",44936,"ESTACION CENTRAL","VALPARAISO",2340000),
(629,"ORIOLE",91,"SAN JOAQUIN","VINA DEL MAR",2520000),
(630,"BADEAU",1,"INDEPENDENCIA","VALPARAISO",2340000),
(631,"SAINT PAUL",9397,"MAIPU","ANTOFAGASTA",3580000),
(632,"DEL SOL",9,"LA CISTERNA","PUERTO VARAS",5550000),
(633,"MANDRAKE",9121,"INDEPENDENCIA","ANTOFAGASTA",3580000),
(634,"DOTTIE",9059,"ESTACION CENTRAL","ISLA DE PASCUA",2770000),
(635,"VEITH",21437,"SANTIAGO","VINA DEL MAR",2520000),
(636,"HANSONS",290,"LOS CONDES","ISLA DE PASCUA",2770000),
(637,"SOMMERS",13210,"ESTACION CENTRAL","ANTOFAGASTA",3580000),
(638,"HARBORT",28872,"INDEPENDENCIA","ANTOFAGASTA",3580000),
(639,"HOLMBERG",298,"LOS CONDES","LA SERENA",1700000),
(640,"EGGENDART",44,"SAN JOAQUIN","SANTIAGO",8320000),
(641,"CARDINAL",7,"QUINTA NORMAL","LA SERENA",1700000),
(642,"ERIE",9,"RECOLETA","CONCEPCION",3349001),
(643,"BUTTERFIELD",502,"MAIPU","VALPARAISO",2340000),
(644,"LAKE VIEW",477,"LOS CONDES","ANTOFAGASTA",3580000),
(645,"CALYPSO",10,"VITACURA","VINA DEL MAR",2520000),
(646,"SCOTT",8,"SANTIAGO","VALPARAISO",2340000),
(647,"PIERSTORFF",190,"LA CISTERNA","PUERTO MONTT",5480000),
(648,"NORTHRIDGE",91,"LA CISTERNA","LA SERENA",1700000),
(649,"MELROSE",703,"MAIPU","ANTOFAGASTA",3580000),
(650,"NORTHLAND",3,"SANTIAGO","PUERTO MONTT",5480000),
(651,"SAINT PAUL",990,"SAN JOAQUIN","PUERTO MONTT",5480000),
(652,"DIXON",5,"QUILICURA","PUNTA ARENAS",6200000),
(653,"NANCY",408,"SAN JOAQUIN","PUERTO VARAS",5550000),
(654,"WESTEND",82311,"LA CISTERNA","ANTOFAGASTA",3580000),
(655,"WAYRIDGE",36,"QUILICURA","VINA DEL MAR",2520000),
(656,"WAUBESA",6,"SANTIAGO","VALPARAISO",2340000),
(657,"NOBEL",35,"VITACURA","VALPARAISO",2340000),
(658,"TOMSCOT",95857,"LOS CONDES","VINA DEL MAR",2520000),
(659,"GROVER",5661,"VITACURA","LA SERENA",1700000),
(660,"MAGDELINE",3457,"SANTIAGO","VALPARAISO",2340000),
(661,"TALISMAN",30,"SANTIAGO","SANTIAGO",8320000),
(662,"HARBORT",8689,"MAIPU","VALPARAISO",2340000),
(663,"NORTHFIELD",46,"QUINTA NORMAL","SANTIAGO",8320000),
(664,"LOTHEVILLE",5287,"SAN JOAQUIN","PUNTA ARENAS",6200000),
(665,"POND",297,"ESTACION CENTRAL","PUERTO MONTT",5480000),
(666,"JUDY",6,"QUINTA NORMAL","VINA DEL MAR",2520000),
(667,"ALGOMA",30,"RECOLETA","VINA DEL MAR",2520000),
(668,"LIEN",413,"INDEPENDENCIA","PUNTA ARENAS",6200000),
(669,"PARK MEADOW",221,"QUILICURA","LA SERENA",1700000),
(670,"DUNNING",5,"INDEPENDENCIA","PUNTA ARENAS",6200000),
(671,"SUTHERLAND",63,"LA CISTERNA","CONCEPCION",3349001),
(672,"BARBY",464,"VITACURA","VINA DEL MAR",2520000),
(673,"ATWOOD",408,"VITACURA","ISLA DE PASCUA",2770000),
(674,"HOLMBERG",7228,"ESTACION CENTRAL","ANTOFAGASTA",3580000),
(675,"ARKANSAS",36,"QUINTA NORMAL","PUERTO VARAS",5550000),
(676,"SCOVILLE",3252,"QUINTA NORMAL","SANTIAGO",8320000),
(677,"KARSTENS",756,"RECOLETA","PUNTA ARENAS",6200000),
(678,"HAGAN",645,"LA CISTERNA","LA SERENA",1700000),
(679,"DEL MAR",5680,"LA CISTERNA","PUERTO VARAS",5550000),
(680,"PARKSIDE",62915,"VITACURA","PUERTO MONTT",5480000),
(681,"HOFFMAN",9546,"QUILICURA","SANTIAGO",8320000),
(682,"DUKE",5,"SAN JOAQUIN","SANTIAGO",8320000),
(683,"MARYLAND",994,"LOS CONDES","ANTOFAGASTA",3580000),
(684,"CARIOCA",609,"LOS CONDES","CONCEPCION",3349001),
(685,"SUGAR",85263,"QUINTA NORMAL","LA SERENA",1700000),
(686,"MAGDELINE",1,"RECOLETA","VINA DEL MAR",2520000),
(687,"CORBEN",4088,"INDEPENDENCIA","ISLA DE PASCUA",2770000),
(688,"TRAILSWAY",3292,"ESTACION CENTRAL","SANTIAGO",8320000),
(689,"GRAYHAWK",8787,"LA CISTERNA","VALPARAISO",2340000),
(690,"ELKA",566,"MAIPU","CONCEPCION",3349001),
(691,"MAPLE",70,"ESTACION CENTRAL","PUERTO VARAS",5550000),
(692,"OLD GATE",40304,"INDEPENDENCIA","PUERTO MONTT",5480000),
(693,"TRAILSWAY",9273,"ESTACION CENTRAL","LA SERENA",1700000),
(694,"MANITOWISH",2318,"VITACURA","PUNTA ARENAS",6200000),
(695,"EVERGREEN",59,"SAN JOAQUIN","ISLA DE PASCUA",2770000),
(696,"HOARD",1372,"SANTIAGO","LA SERENA",1700000),
(697,"MARINERS COVE",34,"LOS CONDES","PUERTO MONTT",5480000),
(698,"HEFFERNAN",2,"LA CISTERNA","ISLA DE PASCUA",2770000),
(699,"KARSTENS",11,"QUINTA NORMAL","CONCEPCION",3349001),
(700,"RAVEN",6,"VITACURA","PUERTO MONTT",5480000),
(701,"CHINOOK",3452,"SAN JOAQUIN","ANTOFAGASTA",3580000),
(702,"MORNINGSTAR",1,"QUILICURA","VALPARAISO",2340000),
(703,"MUIR",36133,"QUINTA NORMAL","SANTIAGO",8320000),
(704,"CAREY",8,"QUILICURA","PUNTA ARENAS",6200000),
(705,"NORWAY MAPLE",88,"INDEPENDENCIA","ISLA DE PASCUA",2770000),
(706,"NANCY",64,"RECOLETA","VALPARAISO",2340000),
(707,"DELLADONNA",22,"LOS CONDES","SANTIAGO",8320000),
(708,"TRUAX",93,"SAN JOAQUIN","PUERTO MONTT",5480000),
(709,"ELIOT",208,"LA CISTERNA","PUERTO MONTT",5480000),
(710,"BUHLER",15,"ESTACION CENTRAL","PUERTO MONTT",5480000),
(711,"PIERSTORFF",761,"ESTACION CENTRAL","VINA DEL MAR",2520000),
(712,"ROWLAND",7314,"LOS CONDES","PUERTO VARAS",5550000),
(713,"JOHNSON",82,"RECOLETA","VINA DEL MAR",2520000),
(714,"GRAEDEL",776,"MAIPU","SANTIAGO",8320000),
(715,"MANDRAKE",3,"QUILICURA","PUERTO MONTT",5480000),
(716,"RUSKIN",3619,"QUILICURA","ANTOFAGASTA",3580000),
(717,"BLUE BILL PARK",9,"LOS CONDES","ISLA DE PASCUA",2770000),
(718,"GRAYHAWK",74,"QUINTA NORMAL","PUNTA ARENAS",6200000),
(719,"ATWOOD",960,"RECOLETA","LA SERENA",1700000),
(720,"DAHLE",949,"ESTACION CENTRAL","VINA DEL MAR",2520000),
(721,"SHERIDAN",5,"RECOLETA","VALPARAISO",2340000),
(722,"MERRICK",85777,"VITACURA","VALPARAISO",2340000),
(723,"BIRCHWOOD",313,"INDEPENDENCIA","ISLA DE PASCUA",2770000),
(724,"LOTHEVILLE",967,"VITACURA","PUERTO MONTT",5480000),
(725,"JOHN WALL",10,"LOS CONDES","CONCEPCION",3349001),
(726,"GRAEDEL",52,"INDEPENDENCIA","PUERTO MONTT",5480000),
(727,"HOLY CROSS",2,"QUINTA NORMAL","VINA DEL MAR",2520000),
(728,"HOLMBERG",59,"INDEPENDENCIA","CONCEPCION",3349001),
(729,"SCHURZ",194,"SANTIAGO","SANTIAGO",8320000),
(730,"ROWLAND",751,"SAN JOAQUIN","ISLA DE PASCUA",2770000),
(731,"SCOTT",9,"MAIPU","ISLA DE PASCUA",2770000),
(732,"RIVERSIDE",6417,"RECOLETA","VINA DEL MAR",2520000),
(733,"TEXAS",84224,"LOS CONDES","PUERTO MONTT",5480000),
(734,"JUDY",9,"QUILICURA","PUERTO VARAS",5550000),
(735,"DAPIN",314,"RECOLETA","ISLA DE PASCUA",2770000),
(736,"MOCKINGBIRD",9,"MAIPU","ISLA DE PASCUA",2770000),
(737,"VIDON",3,"SANTIAGO","ANTOFAGASTA",3580000),
(738,"REINDAHL",88,"SAN JOAQUIN","SANTIAGO",8320000),
(739,"GOLDEN LEAF",234,"ESTACION CENTRAL","ISLA DE PASCUA",2770000),
(740,"RANDY",2689,"QUILICURA","VINA DEL MAR",2520000),
(741,"HOMEWOOD",655,"QUILICURA","PUNTA ARENAS",6200000),
(742,"MCGUIRE",122,"ESTACION CENTRAL","VALPARAISO",2340000),
(743,"GULSETH",17084,"MAIPU","SANTIAGO",8320000),
(744,"DARWIN",50262,"QUILICURA","VINA DEL MAR",2520000),
(745,"SPAIGHT",822,"LA CISTERNA","SANTIAGO",8320000),
(746,"SHOSHONE",2755,"ESTACION CENTRAL","VALPARAISO",2340000),
(747,"HUXLEY",786,"QUINTA NORMAL","PUNTA ARENAS",6200000),
(748,"SULLIVAN",439,"QUINTA NORMAL","PUERTO MONTT",5480000),
(749,"LITTLE FLEUR",4955,"LA CISTERNA","CONCEPCION",3349001),
(750,"STEPHEN",9332,"QUILICURA","VINA DEL MAR",2520000),
(751,"CROWLEY",1860,"LOS CONDES","CONCEPCION",3349001),
(752,"SYCAMORE",33,"SANTIAGO","PUNTA ARENAS",6200000),
(753,"WAXWING",34643,"LOS CONDES","ISLA DE PASCUA",2770000),
(754,"QUINCY",585,"QUILICURA","CONCEPCION",3349001),
(755,"CENTER",9,"INDEPENDENCIA","VALPARAISO",2340000),
(756,"ANTHES",397,"RECOLETA","ISLA DE PASCUA",2770000),
(757,"WESTEND",74418,"SANTIAGO","ANTOFAGASTA",3580000),
(758,"LUKKEN",76617,"MAIPU","ANTOFAGASTA",3580000),
(759,"CLYDE GALLAGHER",685,"SANTIAGO","PUERTO VARAS",5550000),
(760,"LARRY",18484,"SAN JOAQUIN","ISLA DE PASCUA",2770000),
(761,"AMERICAN",88412,"MAIPU","PUNTA ARENAS",6200000),
(762,"HAGAN",4,"LA CISTERNA","CONCEPCION",3349001),
(763,"HANSON",79084,"LA CISTERNA","LA SERENA",1700000),
(764,"DUKE",61,"QUINTA NORMAL","PUNTA ARENAS",6200000),
(765,"FULTON",6179,"ESTACION CENTRAL","CONCEPCION",3349001),
(766,"NORTHVIEW",564,"SANTIAGO","VALPARAISO",2340000),
(767,"GRASSKAMP",8,"MAIPU","VALPARAISO",2340000),
(768,"ROTH",23080,"ESTACION CENTRAL","PUERTO MONTT",5480000),
(769,"SCHURZ",7840,"INDEPENDENCIA","PUERTO VARAS",5550000),
(770,"SHASTA",46920,"RECOLETA","PUERTO VARAS",5550000),
(771,"LOTHEVILLE",744,"LA CISTERNA","PUERTO MONTT",5480000),
(772,"TRUAX",7735,"INDEPENDENCIA","SANTIAGO",8320000),
(773,"BASIL",92,"LOS CONDES","ISLA DE PASCUA",2770000),
(774,"SHERMAN",7022,"VITACURA","CONCEPCION",3349001),
(775,"COLORADO",5,"RECOLETA","PUERTO MONTT",5480000),
(776,"COTTONWOOD",67,"SANTIAGO","LA SERENA",1700000),
(777,"NORTHWESTERN",8886,"QUINTA NORMAL","CONCEPCION",3349001),
(778,"KIM",3,"SANTIAGO","PUNTA ARENAS",6200000),
(779,"HOLY CROSS",26036,"VITACURA","SANTIAGO",8320000),
(780,"SHERIDAN",59,"QUINTA NORMAL","ANTOFAGASTA",3580000),
(781,"HOEPKER",8795,"VITACURA","SANTIAGO",8320000),
(782,"RONALD REGAN",8,"RECOLETA","ISLA DE PASCUA",2770000),
(783,"MORNINGSTAR",3,"RECOLETA","SANTIAGO",8320000),
(784,"BLUE BILL PARK",8,"INDEPENDENCIA","CONCEPCION",3349001),
(785,"RIDGE OAK",1543,"SAN JOAQUIN","PUERTO MONTT",5480000),
(786,"MITCHELL",39868,"LA CISTERNA","VINA DEL MAR",2520000),
(787,"MAYFIELD",8155,"INDEPENDENCIA","ISLA DE PASCUA",2770000),
(788,"CANARY",87,"SANTIAGO","CONCEPCION",3349001),
(789,"ANDERSON",9,"LA CISTERNA","PUNTA ARENAS",6200000),
(790,"KINGS",8890,"LA CISTERNA","PUERTO MONTT",5480000),
(791,"SCOVILLE",601,"SAN JOAQUIN","LA SERENA",1700000),
(792,"KROPF",5970,"ESTACION CENTRAL","ISLA DE PASCUA",2770000),
(793,"8TH",54,"SANTIAGO","CONCEPCION",3349001),
(794,"FLORENCE",27,"QUINTA NORMAL","PUNTA ARENAS",6200000),
(795,"HOOKER",88480,"LOS CONDES","LA SERENA",1700000),
(796,"BASHFORD",30262,"QUILICURA","LA SERENA",1700000),
(797,"BULTMAN",3769,"LA CISTERNA","PUNTA ARENAS",6200000),
(798,"CLEMONS",0,"VITACURA","LA SERENA",1700000),
(799,"INTERNATIONAL",9,"ESTACION CENTRAL","CONCEPCION",3349001),
(800,"HIGH CROSSING",87,"ESTACION CENTRAL","ANTOFAGASTA",3580000),
(801,"FOREST DALE",134,"LA CISTERNA","SANTIAGO",8320000),
(802,"MAGDELINE",1,"QUILICURA","ISLA DE PASCUA",2770000),
(803,"BELLGROVE",1373,"LA CISTERNA","VALPARAISO",2340000),
(804,"HANSONS",9986,"MAIPU","LA SERENA",1700000),
(805,"PEARSON",25170,"QUILICURA","CONCEPCION",3349001),
(806,"DEL MAR",31,"SAN JOAQUIN","ANTOFAGASTA",3580000),
(807,"CROWNHARDT",56648,"QUINTA NORMAL","PUERTO MONTT",5480000),
(808,"SUTHERLAND",179,"VITACURA","ANTOFAGASTA",3580000),
(809,"BLUESTEM",69,"RECOLETA","CONCEPCION",3349001),
(810,"CENTER",58853,"RECOLETA","PUNTA ARENAS",6200000),
(811,"WAXWING",8725,"MAIPU","PUERTO VARAS",5550000),
(812,"GROVER",279,"VITACURA","VALPARAISO",2340000),
(813,"MORROW",960,"RECOLETA","VINA DEL MAR",2520000),
(814,"FOREST RUN",1,"SAN JOAQUIN","ISLA DE PASCUA",2770000),
(815,"VERMONT",36618,"LA CISTERNA","PUERTO MONTT",5480000),
(816,"LUDINGTON",636,"VITACURA","ANTOFAGASTA",3580000),
(817,"EAST",72899,"ESTACION CENTRAL","CONCEPCION",3349001),
(818,"RUSKIN",915,"MAIPU","LA SERENA",1700000),
(819,"CHARING CROSS",57,"MAIPU","VINA DEL MAR",2520000),
(820,"ROWLAND",9,"INDEPENDENCIA","ANTOFAGASTA",3580000),
(821,"MELROSE",580,"SAN JOAQUIN","VALPARAISO",2340000),
(822,"BUELL",60723,"MAIPU","LA SERENA",1700000),
(823,"BUHLER",1341,"LOS CONDES","SANTIAGO",8320000),
(824,"FULLER",58663,"LA CISTERNA","CONCEPCION",3349001),
(825,"BARTILLON",9674,"SANTIAGO","ISLA DE PASCUA",2770000),
(826,"CENTER",18820,"MAIPU","ISLA DE PASCUA",2770000),
(827,"EVERETT",2,"MAIPU","SANTIAGO",8320000),
(828,"MORNINGSTAR",99135,"SANTIAGO","ANTOFAGASTA",3580000),
(829,"CALIANGT",0,"MAIPU","ANTOFAGASTA",3580000),
(830,"ONEILL",59,"QUINTA NORMAL","PUERTO MONTT",5480000),
(831,"AMERICAN ASH",42740,"LA CISTERNA","LA SERENA",1700000),
(832,"4TH",149,"LA CISTERNA","PUNTA ARENAS",6200000),
(833,"ARMISTICE",3,"LA CISTERNA","LA SERENA",1700000),
(834,"SACHS",6070,"INDEPENDENCIA","ANTOFAGASTA",3580000),
(835,"SPENSER",83,"QUINTA NORMAL","PUNTA ARENAS",6200000),
(836,"EGGENDART",50,"LA CISTERNA","SANTIAGO",8320000),
(837,"SOMMERS",57578,"INDEPENDENCIA","SANTIAGO",8320000),
(838,"SLOAN",86226,"RECOLETA","LA SERENA",1700000),
(839,"ARROWOOD",6775,"ESTACION CENTRAL","PUERTO VARAS",5550000),
(840,"LEROY",1,"SAN JOAQUIN","PUNTA ARENAS",6200000),
(841,"OAK VALLEY",1151,"SANTIAGO","PUNTA ARENAS",6200000),
(842,"KINGS",8047,"INDEPENDENCIA","ISLA DE PASCUA",2770000),
(843,"ERIE",8195,"VITACURA","PUNTA ARENAS",6200000),
(844,"QUINCY",8,"QUILICURA","SANTIAGO",8320000),
(845,"MIFFLIN",94,"ESTACION CENTRAL","PUNTA ARENAS",6200000),
(846,"BRICKSON PARK",8,"MAIPU","CONCEPCION",3349001),
(847,"BRIAR CREST",88,"LA CISTERNA","VALPARAISO",2340000),
(848,"MARINERS COVE",2,"INDEPENDENCIA","ISLA DE PASCUA",2770000),
(849,"GLACIER HILL",9,"MAIPU","SANTIAGO",8320000),
(850,"LOTHEVILLE",41,"SANTIAGO","VALPARAISO",2340000),
(851,"RIVERSIDE",99233,"LOS CONDES","ANTOFAGASTA",3580000),
(852,"MESTA",81,"SAN JOAQUIN","PUERTO MONTT",5480000),
(853,"MOSINEE",184,"ESTACION CENTRAL","VALPARAISO",2340000),
(854,"FISK",2058,"VITACURA","CONCEPCION",3349001),
(855,"VERNON",53,"MAIPU","PUNTA ARENAS",6200000),
(856,"BOYD",3699,"QUINTA NORMAL","VINA DEL MAR",2520000),
(857,"ERIE",64,"RECOLETA","VALPARAISO",2340000),
(858,"JOHN WALL",545,"ESTACION CENTRAL","CONCEPCION",3349001),
(859,"KENNEDY",7,"QUILICURA","PUERTO VARAS",5550000),
(860,"BOWMAN",799,"LOS CONDES","SANTIAGO",8320000),
(861,"ALMO",53,"SAN JOAQUIN","ISLA DE PASCUA",2770000),
(862,"LOTHEVILLE",3188,"SAN JOAQUIN","VINA DEL MAR",2520000),
(863,"VERNON",282,"QUINTA NORMAL","VALPARAISO",2340000),
(864,"MUIR",50,"VITACURA","VINA DEL MAR",2520000),
(865,"ANTHES",4,"QUINTA NORMAL","ISLA DE PASCUA",2770000),
(866,"CLOVE",70022,"VITACURA","PUNTA ARENAS",6200000),
(867,"SAUTHOFF",48797,"QUILICURA","SANTIAGO",8320000),
(868,"SHERIDAN",92298,"QUINTA NORMAL","LA SERENA",1700000),
(869,"MOSINEE",864,"INDEPENDENCIA","PUNTA ARENAS",6200000),
(870,"GINA",13478,"SAN JOAQUIN","CONCEPCION",3349001),
(871,"COMANCHE",699,"VITACURA","CONCEPCION",3349001),
(872,"LOEPRICH",29931,"QUINTA NORMAL","SANTIAGO",8320000),
(873,"THACKERAY",83,"RECOLETA","ANTOFAGASTA",3580000),
(874,"EMMET",91,"SANTIAGO","PUNTA ARENAS",6200000),
(875,"NANCY",960,"ESTACION CENTRAL","ISLA DE PASCUA",2770000),
(876,"FISK",308,"LOS CONDES","SANTIAGO",8320000),
(877,"VICTORIA",3,"VITACURA","LA SERENA",1700000),
(878,"CANARY",553,"SAN JOAQUIN","PUNTA ARENAS",6200000),
(879,"GREEN RIDGE",8097,"QUILICURA","ISLA DE PASCUA",2770000),
(880,"FARRAGUT",35046,"INDEPENDENCIA","SANTIAGO",8320000),
(881,"CHINOOK",9653,"ESTACION CENTRAL","PUERTO MONTT",5480000),
(882,"DELLADONNA",91,"LA CISTERNA","LA SERENA",1700000),
(883,"EVERETT",1,"QUINTA NORMAL","VALPARAISO",2340000),
(884,"RIDGE OAK",11,"QUINTA NORMAL","LA SERENA",1700000),
(885,"MAYER",4324,"RECOLETA","CONCEPCION",3349001),
(886,"BANDING",1,"QUILICURA","CONCEPCION",3349001),
(887,"KATIE",68272,"VITACURA","ISLA DE PASCUA",2770000),
(888,"DORTON",40284,"ESTACION CENTRAL","PUERTO MONTT",5480000),
(889,"PAWLING",122,"INDEPENDENCIA","SANTIAGO",8320000),
(890,"ERIE",99,"INDEPENDENCIA","VALPARAISO",2340000),
(891,"UPHAM",41,"RECOLETA","CONCEPCION",3349001),
(892,"GRACELAND",6771,"SANTIAGO","VALPARAISO",2340000),
(893,"ESCH",6119,"ESTACION CENTRAL","ISLA DE PASCUA",2770000),
(894,"NOVICK",14,"SAN JOAQUIN","CONCEPCION",3349001),
(895,"MESTA",74,"QUILICURA","CONCEPCION",3349001),
(896,"SURREY",79,"VITACURA","VINA DEL MAR",2520000),
(897,"DORTON",37,"SAN JOAQUIN","CONCEPCION",3349001),
(898,"PRAIRIEVIEW",8,"SANTIAGO","ANTOFAGASTA",3580000),
(899,"POND",6,"RECOLETA","SANTIAGO",8320000),
(900,"EVERETT",6,"INDEPENDENCIA","LA SERENA",1700000),
(901,"MESTA",38,"QUINTA NORMAL","VINA DEL MAR",2520000),
(902,"HANOVER",37213,"VITACURA","ISLA DE PASCUA",2770000),
(903,"PRAIRIE ROSE",83,"INDEPENDENCIA","CONCEPCION",3349001),
(904,"OAKRIDGE",8611,"RECOLETA","VALPARAISO",2340000),
(905,"RUTLEDGE",902,"LOS CONDES","SANTIAGO",8320000),
(906,"GRAYHAWK",21,"INDEPENDENCIA","PUERTO VARAS",5550000),
(907,"LOFTSGORDON",62635,"MAIPU","PUERTO MONTT",5480000),
(908,"WELCH",14626,"RECOLETA","ISLA DE PASCUA",2770000),
(909,"ANHALT",8036,"INDEPENDENCIA","ISLA DE PASCUA",2770000),
(910,"MCCORMICK",70604,"VITACURA","PUERTO VARAS",5550000),
(911,"OAK",38,"LOS CONDES","CONCEPCION",3349001),
(912,"LINDBERGH",6,"MAIPU","ISLA DE PASCUA",2770000),
(913,"MERRICK",297,"ESTACION CENTRAL","SANTIAGO",8320000),
(914,"SUPERIOR",30,"QUINTA NORMAL","PUERTO MONTT",5480000),
(915,"DARWIN",87580,"QUILICURA","CONCEPCION",3349001),
(916,"GROVER",60901,"MAIPU","ANTOFAGASTA",3580000),
(917,"BLUEJAY",7,"RECOLETA","SANTIAGO",8320000),
(918,"RIGNEY",4,"INDEPENDENCIA","PUNTA ARENAS",6200000),
(919,"GOLF COURSE",35,"QUINTA NORMAL","SANTIAGO",8320000),
(920,"WEEPING BIRCH",8,"QUILICURA","PUERTO VARAS",5550000),
(921,"ELMSIDE",6,"RECOLETA","CONCEPCION",3349001),
(922,"NOBEL",4,"RECOLETA","LA SERENA",1700000),
(923,"HERMINA",920,"VITACURA","LA SERENA",1700000),
(924,"GRAEDEL",9285,"LA CISTERNA","VALPARAISO",2340000),
(925,"WESTEND",31,"VITACURA","PUNTA ARENAS",6200000),
(926,"ARKANSAS",760,"RECOLETA","VALPARAISO",2340000),
(927,"STEPHEN",8662,"QUINTA NORMAL","ISLA DE PASCUA",2770000),
(928,"MORNING",79,"QUINTA NORMAL","VINA DEL MAR",2520000),
(929,"DREWRY",3306,"LOS CONDES","PUERTO MONTT",5480000),
(930,"CHEROKEE",8170,"ESTACION CENTRAL","VALPARAISO",2340000),
(931,"DAWN",3,"ESTACION CENTRAL","ANTOFAGASTA",3580000),
(932,"ROCKEFELLER",7338,"INDEPENDENCIA","LA SERENA",1700000),
(933,"HUXLEY",92,"LOS CONDES","PUERTO VARAS",5550000),
(934,"NEW CASTLE",50274,"MAIPU","SANTIAGO",8320000),
(935,"CONTINENTAL",7049,"QUINTA NORMAL","PUERTO MONTT",5480000),
(936,"BUTTERNUT",8,"VITACURA","PUNTA ARENAS",6200000),
(937,"GARRISON",66934,"QUILICURA","CONCEPCION",3349001),
(938,"SUMMERVIEW",232,"SANTIAGO","PUERTO MONTT",5480000),
(939,"MOCKINGBIRD",35447,"LOS CONDES","CONCEPCION",3349001),
(940,"MESSERSCHMIDT",39872,"VITACURA","SANTIAGO",8320000),
(941,"FULLER",9065,"MAIPU","LA SERENA",1700000),
(942,"COMANCHE",1,"LA CISTERNA","LA SERENA",1700000),
(943,"NANCY",237,"ESTACION CENTRAL","VALPARAISO",2340000),
(944,"BOBWHITE",968,"LOS CONDES","ANTOFAGASTA",3580000),
(945,"MITCHELL",72,"INDEPENDENCIA","CONCEPCION",3349001),
(946,"TRANSPORT",9,"INDEPENDENCIA","ISLA DE PASCUA",2770000),
(947,"LAKEWOOD GARDENS",18,"MAIPU","LA SERENA",1700000),
(948,"CHEROKEE",60198,"QUILICURA","ISLA DE PASCUA",2770000),
(949,"PORTER",9,"LOS CONDES","VINA DEL MAR",2520000),
(950,"CALIANGT",29842,"SANTIAGO","SANTIAGO",8320000),
(951,"HOEPKER",4119,"SANTIAGO","ISLA DE PASCUA",2770000),
(952,"SAUTHOFF",86006,"VITACURA","VALPARAISO",2340000),
(953,"DAHLE",813,"VITACURA","VALPARAISO",2340000),
(954,"BECKER",46,"QUINTA NORMAL","CONCEPCION",3349001),
(955,"INDEPENDENCE",868,"MAIPU","PUERTO MONTT",5480000),
(956,"SPENSER",784,"ESTACION CENTRAL","ANTOFAGASTA",3580000),
(957,"STANG",17,"MAIPU","VINA DEL MAR",2520000),
(958,"SHERMAN",2,"LOS CONDES","ISLA DE PASCUA",2770000),
(959,"WAXWING",76,"ESTACION CENTRAL","LA SERENA",1700000),
(960,"MILWAUKEE",2061,"SAN JOAQUIN","PUERTO MONTT",5480000),
(961,"SLOAN",31,"MAIPU","VALPARAISO",2340000),
(962,"ARTISAN",65281,"SAN JOAQUIN","PUNTA ARENAS",6200000),
(963,"BOWMAN",53,"INDEPENDENCIA","PUNTA ARENAS",6200000),
(964,"GRAYHAWK",694,"RECOLETA","PUERTO MONTT",5480000),
(965,"GROVER",37,"SANTIAGO","VALPARAISO",2340000),
(966,"ANHALT",776,"MAIPU","PUERTO MONTT",5480000),
(967,"MEMORIAL",595,"LA CISTERNA","PUERTO VARAS",5550000),
(968,"RUSK",2631,"VITACURA","LA SERENA",1700000),
(969,"HAUK",4072,"LOS CONDES","VALPARAISO",2340000),
(970,"PRAIRIE ROSE",55,"VITACURA","ANTOFAGASTA",3580000),
(971,"BRENTWOOD",57689,"VITACURA","VINA DEL MAR",2520000),
(972,"ANNIVERSARY",586,"VITACURA","SANTIAGO",8320000),
(973,"NEVADA",942,"INDEPENDENCIA","LA SERENA",1700000),
(974,"WEST",1,"INDEPENDENCIA","PUERTO VARAS",5550000),
(975,"MERCHANT",81099,"SANTIAGO","LA SERENA",1700000),
(976,"MONTANA",17,"INDEPENDENCIA","SANTIAGO",8320000),
(977,"GLACIER HILL",32351,"QUILICURA","VINA DEL MAR",2520000),
(978,"LINDBERGH",206,"INDEPENDENCIA","PUNTA ARENAS",6200000),
(979,"GREEN RIDGE",93,"VITACURA","VALPARAISO",2340000),
(980,"HEATH",5,"SANTIAGO","PUERTO VARAS",5550000),
(981,"JOHN WALL",2681,"QUILICURA","SANTIAGO",8320000),
(982,"DOVETAIL",67,"ESTACION CENTRAL","ANTOFAGASTA",3580000),
(983,"VERMONT",454,"QUINTA NORMAL","CONCEPCION",3349001),
(984,"OLD GATE",8,"SAN JOAQUIN","PUNTA ARENAS",6200000),
(985,"SHOSHONE",7426,"VITACURA","PUERTO MONTT",5480000),
(986,"CORRY",8334,"VITACURA","VALPARAISO",2340000),
(987,"LINDEN",4625,"VITACURA","PUERTO MONTT",5480000),
(988,"PRAIRIE ROSE",92156,"ESTACION CENTRAL","CONCEPCION",3349001),
(989,"ROWLAND",42243,"VITACURA","VALPARAISO",2340000),
(990,"MANITOWISH",5,"LA CISTERNA","PUERTO VARAS",5550000),
(991,"MARQUETTE",90,"VITACURA","SANTIAGO",8320000),
(992,"SAUTHOFF",1465,"QUILICURA","CONCEPCION",3349001),
(993,"MARINERS COVE",94,"ESTACION CENTRAL","PUERTO MONTT",5480000),
(994,"CLYDE GALLAGHER",95,"VITACURA","VINA DEL MAR",2520000),
(995,"STEENSLAND",79500,"VITACURA","VINA DEL MAR",2520000),
(996,"4TH",20185,"QUILICURA","VALPARAISO",2340000),
(997,"ALPINE",2642,"RECOLETA","VALPARAISO",2340000),
(998,"DAPIN",3630,"RECOLETA","LA SERENA",1700000),
(999,"RAVEN",562,"MAIPU","PUERTO MONTT",5480000),
(1000,"KILLDEER",52554,"SANTIAGO","VALPARAISO",2340000);

insert into clientes
value (1,371,"JACQUI","ARBOIN","443318338-5",269479707,"VCONRARD1@UN.ORG"),
(2,432,"VERLA","CONRARD","977565713-K",420161829,"BFLEEMING2@INDEPENDENT.CO.UK"),
(3,442,"BAILEY","FLEEMING","694018704-9",925363058,"RHARP3@NSW.GOV.AU"),
(4,303,"REBA","HARP","965204562-4",335882465,"SPAOLETTI4@MULTIPLY.COM"),
(5,317,"SALOME","PAOLETTI","148546688-1",575153722,"FLEGHORN5@PLALA.OR.JP"),
(6,181,"FARAND","LEGHORN","582476488-3",627628140,"ASCHOLES6@COMCAST.NET"),
(7,422,"ANICA","SCHOLES","931574992-8",861335590,"EPETRECZ7@APACHE.ORG"),
(8,404,"EMERSON","PETRECZ","123014632-6",190482758,"GILYASOV8@DOMAINMARKET.COM"),
(9,73,"GRACE","ILYASOV","493632418-3",622206974,"CTYER9@UCOZ.RU"),
(10,317,"CHERY","TYER","116667381-2",988722612,"VDIGGENSA@BLOGSPOT.COM"),
(11,497,"VIVIA","DIGGENS","997682430-0",629946986,"CBAIDENB@LYCOS.COM"),
(12,485,"CRISTINA","BAIDEN","327701168-2",395774353,"SSKILLANDERSC@MIITBEIAN.GOV.CN"),
(13,351,"SHERRIE","SKILLANDERS","997957780-0",456503382,"DREICHERZD@NATIONALGEOGRAPHIC.COM"),
(14,417,"DEVON","REICHERZ","671315394-1",380470289,"BKWIEKE@ILLINOIS.EDU"),
(15,281,"BENETTA","KWIEK","508350072-8",865093980,"PDRIFFILLF@YALE.EDU"),
(16,10,"PATRIC","DRIFFILL","024713348-5",467472725,"CMARGETTG@PHP.NET"),
(17,412,"CAMEY","MARGETT","372296629-9",689456114,"BABBYH@HOMESTEAD.COM"),
(18,151,"BRIA","ABBY","177426909-0",866444509,"DSHARROCKSI@SOURCEFORGE.NET"),
(19,299,"DALE","SHARROCKS","230019022-2",375566541,"AKENIONJ@OW.LY"),
(20,365,"ASHLEE","KENION","730221927-3",150561897,"BWESLEYK@LOC.GOV"),
(21,50,"BOBBI","WESLEY","121865914-9",484422132,"CFILPPETTIL@PBS.ORG"),
(22,37,"CLAUDETTA","FILPPETTI","627953108-2",234458918,"BROGEZM@ICQ.COM"),
(23,287,"BREWER","ROGEZ","328782713-8",196287530,"JMCKENEYN@ACCUWEATHER.COM"),
(24,118,"JULIANNA","MCKENEY","659307747-K",230628957,"JBOHLO@BLOGGER.COM"),
(25,278,"JOANN","BOHL","182367404-6",726594764,"CRYMMERP@SHOP-PRO.JP"),
(26,122,"CHERIDA","RYMMER","376564002-6",782233678,"RGRIMSDYKEQ@BRAVESITES.COM"),
(27,222,"RORY","GRIMSDYKE","435485089-3",380987391,"TTOLOMIOR@OAKLEY.COM"),
(28,270,"TRACI","TOLOMIO","295242192-7",862413629,"CLINDEBERGS@FASTCOMPANY.COM"),
(29,102,"CULLY","LINDEBERG","250947860-5",140821548,"PGRISWAITET@PRINCETON.EDU"),
(30,450,"PADRAIC","GRISWAITE","602722965-9",156119966,"DSHIPLEYU@JALBUM.NET"),
(31,427,"DESI","SHIPLEY","066788874-8",375334548,"LBAKHRUSHINV@TWITTER.COM"),
(32,4,"LOTHARIO","BAKHRUSHIN","147866906-3",380829359,"KGRISHANKOVW@PHP.NET"),
(33,454,"KENNY","GRISHANKOV","013190156-7",633102477,"BEMSONK@GOOGLE.CN"),
(34,179,"BARTIE","EMSON","054283005-1",776091506,"FSOOPERY@MOZILLA.ORG"),
(35,128,"FEODOR","SOOPER","005340763-6",976907221,"TMICHELETZ@SI.EDU"),
(36,259,"TORRENCE","MICHELET","204814613-9",621614366,"DABERHART10@INDEPENDENT.CO.UK"),
(37,446,"DOMENICO","ABERHART","907665498-0",385954142,"GMCDOUGLE11@YOUKU.COM"),
(38,49,"GUINNA","MCDOUGLE","318041314-K",316051267,"LMAC12@GOV.UK"),
(39,53,"LINDSAY","MAC","310914117-5",351120276,"DDRAN13@ARIZONA.EDU"),
(40,432,"DRUD","DRAN","657201379-0",223837654,"TBRENSTON14@THEGUARDIAN.COM"),
(41,324,"THEDA","BRENSTON","340069974-8",629115968,"CMUMMERY15@TAOBAO.COM"),
(42,325,"CHRISTOFORO","MUMMERY","927898355-1",862952144,"SMACDAID16@STATCOUNTER.COM"),
(43,292,"SELIA","MACDAID","718863077-1",638367730,"ASYNCKE17@JIMDO.COM"),
(44,472,"ANITA","SYNCKE","668926048-8",351325104,"ECAWKILL18@EUROPA.EU"),
(45,392,"ELOISE","CAWKILL","225227234-1",645815931,"SEGLEOFGERMANY19@AMAZON.CO.UK"),
(46,414,"SERENE","EGLEOFGERMANY","435860234-7",865759529,"MMARTYNOV1A@SHINYSTAT.COM"),
(47,192,"MAUREEN","MARTYNOV","387729335-2",621535282,"HMCKINLAY1B@LINKEDIN.COM"),
(48,304,"HANSIAIN","MCKINLAY","192062817-7",624344643,"SFLORENTINE1C@HUGEDOMAINS.COM"),
(49,139,"SHERRY","FLORENTINE","217673924-8",866153543,"BSTITFALL1D@YELLOWPAGES.COM"),
(50,495,"BLONDELL","STITFALL","727193769-2",868968199,"DCERITH1E@SMUGMUG.COM"),
(51,311,"DARELL","CERITH","515662840-0",623184980,"ATWORT1F@ALEKA.COM"),
(52,244,"ARDYS","TWORT","354231508-7",301044083,"RLONGHORNE1G@UCOZ.COM"),
(53,19,"RORY","LONGHORNE","488657440-8",553818133,"SDONIZEAU1H@LAST.FM"),
(54,23,"SINCLARE","DONIZEAU","226243787-4",114872612,"BBAYLESS1I@GOO.NE.JP"),
(55,399,"BALDUIN","BAYLESS","923169001-9",814614107,"ZSPENSLY1J@TRIPOD.COM"),
(56,192,"ZACHARY","SPENSLY","897807138-4",265611817,"HHALLIBERTON1K@ZDNET.COM"),
(57,381,"HASKEL","HALLIBERTON","452537739-9",155729981,"EDELDELLO1L@INDIEGOGO.COM"),
(58,461,"EMILEE","DELDELLO","215592705-3",467895167,"FHEMPHILL1M@PHOTOBUCKET.COM"),
(59,144,"FIELDING","HEMPHILL","526504241-5",385700410,"CSWORN1N@PRNEWSWIRE.COM"),
(60,407,"CASSONDRA","SWORN","697742021-9",824669230,"CFEEDHAM1O@PINTEREST.COM"),
(61,5,"CATHERIN","FEEDHAM","759300229-2",380712918,"OAMSBERGER1P@BIGCARTEL.COM"),
(62,88,"OTHILIE","AMSBERGER","175131604-1",476591693,"GCARNEGIE1Q@PARALLELS.COM"),
(63,112,"GUY","CARNEGIE","325563187-4",867302194,"LMALLON1R@MARRIOTT.COM"),
(64,392,"LOVELL","MALLON","620754118-9",740571853,"DSHUREY1S@IMGUR.COM"),
(65,19,"DOLORITAS","SHUREY","439380221-7",334051118,"AFEBRE1T@SLATE.COM"),
(66,84,"ARCHAMBAULT","FEBRE","725380731-6",816138143,"CANDRICK1U@HIBU.COM"),
(67,289,"CHRISSY","ANDRICK","173215577-1",625082180,"YMILSTED1V@WEEBLY.COM"),
(68,369,"YORKER","MILSTED","986683164-7",168994263,"WSIPSON1W@AMAZON.CO.JP"),
(69,190,"WERNER","SIPSON","825020817-K",381528846,"SRIBOU1K@WUFOO.COM"),
(70,1,"SIBELLA","RIBOU","178742513-4",864149777,"LPISCOPELLO1Y@SPRINGER.COM"),
(71,3,"LETTA","PISCOPELLO","026374352-7",994113694,"HWILLINGHAM1Z@BIGCARTEL.COM"),
(72,280,"HANSON","WILLINGHAM","062637058-2",626188475,"SOLOSHKIN20@WIKIA.COM"),
(73,105,"SALOMON","OLOSHKIN","231289655-9",553158537,"DHEPPENSPALL21@T-ONLINE.DE"),
(74,378,"DEANE","HEPPENSPALL","455713289-8",967619514,"LMURCUTT22@NOAA.GOV"),
(75,148,"LANETTE","MURCUTT","503339333-2",371971361,"JMCCORRIE23@BIGCARTEL.COM"),
(76,67,"JULE","MCCORRIE","140193421-8",862214583,"TCOWE24@OCN.NE.JP"),
(77,347,"TUCK","COWE","623360086-3",849441602,"YOLIVO25@YCOMBINATOR.COM"),
(78,112,"YVETTE","OLIVO","666691416-3",171422028,"SCOBBOLD26@SI.EDU"),
(79,221,"SEWARD","COBBOLD","224186252-5",863113442,"KPATRIA27@RAMBLER.RU"),
(80,235,"KENNA","PATRIA","032787950-5",865141076,"BPOPWORTH28@BLOGSPOT.COM"),
(81,349,"BRODY","POPWORTH","020787648-7",482219608,"BPATCHETT29@DELICIOUSDAYS.COM"),
(82,497,"BERKY","PATCHETT","605240171-0",501126421,"DPOLLACK2A@NEWYORKER.COM"),
(83,104,"DWAYNE","POLLACK","959433568-8",866265247,"KLAMPAERT2B@BLOGLOVIN.COM"),
(84,169,"KIPPIE","LAMPAERT","567918555-5",358568868,"MOVERLOW2C@DE.VU"),
(85,481,"MADELYN","OVERLOW","993681701-K",482856691,"FARNAUDET2D@VA.GOV"),
(86,287,"FIDELA","ARNAUDET","739271033-8",385797434,"BWISHKAR2E@JAPANPOST.JP"),
(87,266,"BARON","WISHKAR","336133485-3",992705177,"MSAWTER2F@WEBS.COM"),
(88,485,"MALINDA","SAWTER","142739977-8",663224545,"WQUEST2G@NEWYORKER.COM"),
(89,371,"WALDO","QUEST","821368379-K",869085799,"BDEVILLE2H@BUSINESSINSIDER.COM"),
(90,7,"BENSON","DEVILLE","825188221-4",868643425,"KMARC2I@KREA.COM"),
(91,257,"KRISTINE","MARC","832565632-8",632663888,"BCOLENUTT2J@BLOG.COM"),
(92,342,"BIRON","COLENUTT","328525206-5",544615580,"DAKROYD2K@1UND1.DE"),
(93,496,"DEBOR","AKROYD","408554355-5",622046538,"CMANVELL2L@BIBLEGATEWAY.COM"),
(94,397,"CLARETTE","MANVELL","104407581-3",485741364,"CMCNEIL2M@ADDTHIS.COM"),
(95,463,"CHRISTIAN","MCNEIL","262091596-1",481088838,"KTATNELL2N@SPRINGER.COM"),
(96,38,"KEVER","TATNELL","457620011-9",735992607,"CHAIGHTON2O@VA.GOV"),
(97,26,"CLAUDIAN","HAIGHTON","322514038-4",387413174,"YWASBEY2P@LINKEDIN.COM"),
(98,66,"YARD","WASBEY","501461039-0",486165926,"GDAENEN2Q@WORDPRESS.ORG"),
(99,52,"GNNI","DAENEN","597439916-1",235794485,"YCUTLER2R@LATIMES.COM"),
(100,170,"YVETTE","CUTLER","698395917-5",880840812,"VBROUNE2S@DESDEV.CN"),
(101,70,"VIVIANNA","BROUNE","832420226-9",190494738,"MJERAMS2T@1688.COM"),
(102,145,"MANO","JERAMS","239661178-K",864967455,"BMADDIGAN2U@FASTCOMPANY.COM"),
(103,273,"BOURKE","MADDIGAN","939206223-0",173116353,"JBULFOY2V@FDA.GOV"),
(104,133,"JENIFFER","BULFOY","881259279-1",629157170,"GRIGHY2W@CPANEL.NET"),
(105,38,"GABRIELLIA","RIGHY","597106383-9",775244611,"AYURKOV2K@SKYPE.COM"),
(106,19,"ARDELIS","YURKOV","926625722-2",868237691,"RJOVIC2Y@FC2.COM"),
(107,186,"ROKIE","JOVIC","443417367-7",616779973,"BHADDOW2Z@GITHUB.COM"),
(108,6,"BELLA","HADDOW","017603468-4",465488125,"DCLAPPSON30@EBAY.CO.UK"),
(109,500,"D'ARCY","CLAPPSON","330159044-6",733658890,"JDYTE31@DELL.COM"),
(110,463,"JOCELIN","DYTE","020741789-K",191854119,"MMARRIS32@DAGONDESIGN.COM"),
(111,359,"MANDA","MARRIS","729641153-8",770947218,"KCRAIGHEID33@BIGCARTEL.COM"),
(112,76,"KARLOTTE","CRAIGHEID","419913449-2",866099201,"EIBOTSON34@A8.NET"),
(113,126,"EMILY","IBOTSON","698698596-7",375515792,"DBOTTERILL35@DIGG.COM"),
(114,352,"DOMINIC","BOTTERILL","501590632-3",967148143,"VEZELE36@TECHNORATI.COM"),
(115,378,"VERGE","EZELE","912600814-9",623421413,"LDUNDENDALE37@BLOGLOVIN.COM"),
(116,222,"LEONIDAS","DUNDENDALE","924922064-2",861037573,"HFINCI38@TAMU.EDU"),
(117,98,"HAILY","FINCI","568839808-6",634944456,"LREBERT39@GO.COM"),
(118,104,"LYDA","REBERT","177688136-2",504591368,"OANTHONIES3A@QUANTCAST.COM"),
(119,239,"ODIE","ANTHONIES","736293243-K",493148692,"FSURFLEET3B@MARRIOTT.COM"),
(120,273,"FANNY","SURFLEET","638506655-K",358324631,"OWOOLSTON3C@UCLA.EDU"),
(121,375,"OLYMPIA","WOOLSTON","447501045-4",669914197,"IHUFFY3D@TELEGRAPH.CO.UK"),
(122,285,"ISABEL","HUFFY","480574856-7",623146115,"TBAUDINELLI3E@NASA.GOV"),
(123,264,"TONYE","BAUDINELLI","096256169-K",374423521,"EASPRAY3F@MAC.COM"),
(124,346,"EDYTHE","ASPRAY","682509546-3",822125717,"MHANSMAN3G@CAFEPRESS.COM"),
(125,169,"MARGE","HANSMAN","284888054-6",517224828,"DHILLEN3H@BIGCARTEL.COM"),
(126,466,"DINAH","HILLEN","956494421-K",334713085,"MSTOFFEL3I@MYSPACE.COM"),
(127,122,"MARJA","STOFFEL","824310923-4",338856842,"HWEIGHELL3J@WEATHER.COM"),
(128,128,"HELGA","WEIGHELL","770501343-6",183199462,"GTONNESEN3K@BUSINESSWEEK.COM"),
(129,8,"GIFF","TONNESEN","580015317-5",355468156,"DLETHLEY3L@YOUTUBE.COM"),
(130,271,"DORICE","LETHLEY","416478597-7",863759484,"LWALDER3M@NOAA.GOV"),
(131,311,"LIZBETH","WALDER","701311089-2",141296079,"JBALCHEN3N@LIST-MANAGE.COM"),
(132,125,"JULISSA","BALCHEN","519154965-1",336901387,"DHENCKE3O@ABOUT.COM"),
(133,316,"DANIELE","HENCKE","775522764-2",291573656,"CSKELLEN3P@AMAZON.CO.UK"),
(134,115,"CARLIE","SKELLEN","402280540-4",170176830,"TMACNAIR3Q@E-RECHT24.DE"),
(135,332,"TAMARRA","MACNAIR","667403412-6",865908297,"ASIMONICH3R@TOPSY.COM"),
(136,167,"AVE","SIMONICH","664493418-8",154774591,"OSAMUDIO3S@REFERENCE.COM"),
(137,13,"OLIVIE","SAMUDIO","491306729-K",629269449,"BMCLAGAN3T@GITHUB.COM"),
(138,247,"BELLA","MCLAGAN","198853434-8",374255475,"GGIROLDO3U@IMAGESHACK.US"),
(139,489,"GUILLEMA","GIROLDO","027824033-K",668105648,"MSMALCOMBE3V@ARMY.MIL"),
(140,194,"MARGARETE","SMALCOMBE","780658302-5",518288093,"TDAVYDYCHEV3W@EPA.GOV"),
(141,304,"TAMI","DAVYDYCHEV","580502286-9",473158489,"LWHERRIT3K@BANDCAMP.COM"),
(142,277,"LIBBI","WHERRIT","303350646-1",334088194,"CNISIUS3Y@ARMY.MIL"),
(143,244,"CLORIS","NISIUS","942106563-8",636876258,"GMATZEN3Z@AMAZON.CO.JP"),
(144,334,"GREGOR","MATZEN","818432584-3",522464173,"RABBOT40@USGS.GOV"),
(145,258,"ROSIE","ABBOT","162351659-5",972513635,"CRINGSELL41@FC2.COM"),
(146,3,"CONANT","RINGSELL","973642789-7",547337108,"LGEERTZ42@NYTIMES.COM"),
(147,140,"LIB","GEERTZ","164000458-0",816429354,"MFILSHIN43@WIKIPEDIA.ORG"),
(148,317,"MOHANDAS","FILSHIN","668316640-4",726494492,"EDUNNETT44@HHS.GOV"),
(149,57,"ELI","DUNNETT","791140218-3",629068078,"CCONMAN45@1UND1.DE"),
(150,286,"CAROLYN","CONMAN","496756363-5",461837674,"GRIVALANT46@ADDTOANY.COM"),
(151,434,"GARDENER","RIVALANT","404989749-0",380367562,"GSCHWIER47@AUDA.ORG.AU"),
(152,10,"GUALTERIO","SCHWIER","892877004-1",351182931,"JCROWDY48@CONSTANTCONTACT.COM"),
(153,26,"JETHRO","CROWDY","217408429-5",351357331,"MCOLEY49@HUBPAGES.COM"),
(154,97,"MILTON","COLEY","846853521-4",449535029,"ASTRETHILL4A@NETVIBES.COM"),
(155,434,"ALICE","STRETHILL","672021681-3",861323442,"CMEADDOWCROFT4B@DEDECMS.COM"),
(156,42,"CRISTIE","MEADDOWCROFT","524470887-2",799927513,"NPAUNCEFORT4C@FLAVORS.ME"),
(157,297,"NATALINE","PAUNCEFORT","428060818-0",981679298,"LCALBREATH4D@REFERENCE.COM"),
(158,434,"LAUREN","CALBREATH","023332761-4",487499792,"TLOBER4E@OAIC.GOV.AU"),
(159,96,"TREMAIN","LOBER","474592196-9",869864560,"BSKIRLIN4F@A8.NET"),
(160,93,"BYRAM","SKIRLIN","823004869-K",813371634,"LAPDELL4G@TRIPADVISOR.COM"),
(161,492,"LAY","APDELL","262837409-9",374599127,"ILETHERBURY4H@TECHNORATI.COM"),
(162,278,"ILKA","LETHERBURY","370864869-2",814506884,"LIZAKOFF4I@AMAZONAWS.COM"),
(163,136,"LENNA","IZAKOFF","296731046-8",521843892,"WKUBAS4J@SOGOU.COM"),
(164,357,"WILHELMINE","KUBAS","596144655-7",307132277,"APUDNEY4K@ADMIN.CH"),
(165,490,"ADDIE","PUDNEY","215033157-8",463864202,"BTREHEARN4L@FEEDBURNER.COM"),
(166,167,"BRIDIE","TREHEARN","503844602-7",624347692,"DGREIG4M@NYMAG.COM"),
(167,285,"DOLL","GREIG","373807951-3",629629851,"ALEINSTER4N@VISTAPRINT.COM"),
(168,372,"ALI","LEINSTER","195704837-9",866578438,"TBOLLAND4O@LULU.COM"),
(169,412,"TODDIE","BOLLAND","011411140-5",621808276,"JCORNS4P@MAYOCLINIC.COM"),
(170,439,"JUNINA","CORNS","064096047-2",862922450,"SCAPON4Q@IRS.GOV"),
(171,59,"SAM","CAPON","130544524-4",234150684,"AGOODERRIDGE4R@IS.GD"),
(172,354,"ANTONIETTA","GOODERRIDGE","861498185-6",141268255,"GMCCANN4S@W3.ORG"),
(173,338,"GAILE","MCCANN","505728874-1",304404957,"AHEADING4T@DE.VU"),
(174,463,"ADRIANO","HEADING","174771649-9",131937530,"NROSCOW4U@MSU.EDU"),
(175,310,"NOELANI","ROSCOW","598595329-7",506112400,"AEYCKELBERG4V@COCOLOG-NIFTY.COM"),
(176,144,"ARNUAD","EYCKELBERG","044500528-9",727450371,"FSTEAD4W@USA.GOV"),
(177,467,"FAIRLEIGH","STEAD","081332831-4",260705275,"BBOUSQUET4K@CBSNEWS.COM"),
(178,409,"BECK","BOUSQUET","478865269-2",629123295,"RPADDISON4Y@NYDAILYNEWS.COM"),
(179,117,"RAFAELA","PADDISON","380858109-3",771192867,"DRIMELL4Z@REUTERS.COM"),
(180,328,"DIETER","RIMELL","903692375-1",627738083,"APAOLINI50@SKYROCK.COM"),
(181,166,"AGUIE","PAOLINI","930073735-K",353230220,"MPATMORE51@GOOGLE.PL"),
(182,148,"MATTY","PATMORE","188312683-5",861535005,"BPOL52@SYMANTEC.COM"),
(183,380,"BRENNA","POL","484542575-0",970109896,"JWAYNE53@MSN.COM"),
(184,39,"JED","WAYNE","762181590-6",515061355,"SGRAYLAND54@BOOKING.COM"),
(185,374,"STACY","GRAYLAND","600103413-3",123934205,"IMACFADIN55@GEOCITIES.JP"),
(186,31,"IVETTE","MACFADIN","202233249-0",351415128,"FTINEMAN56@E-RECHT24.DE"),
(187,25,"FRANZ","TINEMAN","310725816-4",236215751,"DPAPIERZ57@MERRIAM-WEBSTER.COM"),
(188,53,"DESMOND","PAPIERZ","338999019-4",867735305,"SSAMART58@NIH.GOV"),
(189,449,"SAWYER","SAMART","947324884-9",863186767,"HSTEKETEE59@ISTOCKPHOTO.COM"),
(190,431,"HILDEGAARD","STEKETEE","158145847-9",621813867,"SBYRCHER5A@ABOUT.ME"),
(191,224,"SHAYLAH","BYRCHER","756354532-8",633299301,"LADDIS5B@UOL.COM.BR"),
(192,413,"LELAND","ADDIS","339353471-8",868048495,"RBARTELOT5C@USTREAM.TV"),
(193,453,"RENAUD","BARTELOT","351726208-0",355362937,"ABEKON5D@UCOZ.COM"),
(194,146,"AARIKA","BEKON","335118907-9",866197985,"PBURBURY5E@FREE.FR"),
(195,165,"PETR","BURBURY","070408774-K",461741620,"TPRESSLAND5F@ENGADGET.COM"),
(196,97,"TODD","PRESSLAND","997358099-0",555968032,"LPRINN5G@AMAZONAWS.COM"),
(197,375,"LAMOND","PRINN","299104530-2",864865083,"DSCUFFHAM5H@SUN.COM"),
(198,259,"DARIUS","SCUFFHAM","039960973-3",502444823,"JFAIVRE5I@QQ.COM"),
(199,6,"JOHNATH","FAIVRE","090261459-2",511044356,"BCLINCH5J@ZIMBIO.COM"),
(200,466,"BARTOLEMO","CLINCH","656297115-2",636837392,"MSTONEBRIDGE5K@EZINEARTICLES.COM"),
(201,372,"MARISKA","STONEBRIDGE","134894984-8",380896256,"GBANNARD5L@FTC.GOV"),
(202,256,"GIZELA","BANNARD","319736167-9",579257838,"KTUNN5M@TECHCRUNCH.COM"),
(203,429,"KEVON","TUNN","861394322-5",865929408,"AADOLFSEN5N@DAILYMOTION.COM"),
(204,479,"ATHENE","ADOLFSEN","656172578-6",372247646,"OTUFFEY5O@ALEKA.COM"),
(205,393,"ODELL","TUFFEY","642115458-1",516435119,"SDEFEW5P@WP.COM"),
(206,419,"SHURWOOD","DEFEW","384991686-3",622812702,"ALAURENZI5Q@UMN.EDU"),
(207,35,"ANDRAS","LAURENZI","083586815-K",358188383,"MAVERIES5R@UMICH.EDU"),
(208,61,"MALISSA","AVERIES","512055384-2",461302760,"BMOLDEN5S@LULU.COM"),
(209,66,"BRIGG","MOLDEN","693121976-6",646138795,"AHARDWICK5T@HOWSTUFFWORKS.COM"),
(210,207,"ALLIE","HARDWICK","814888250-9",462509634,"CNOWER5U@LAST.FM"),
(211,322,"CALDWELL","NOWER","446083185-6",557262149,"NSEWARDS5V@OAIC.GOV.AU"),
(212,438,"NICOLAI","SEWARDS","882535554-8",862642170,"BCARVILLE5W@PSU.EDU"),
(213,253,"BARBI","CARVILLE","516377416-6",628988859,"OGAUKROGER5K@BLOGS.COM"),
(214,425,"OSGOOD","GAUKROGER","643949204-7",862162864,"KHANNIGER5Y@UOL.COM.BR"),
(215,87,"KENDAL","HANNIGER","500527498-7",861354068,"RBEGGINI5Z@AUDA.ORG.AU"),
(216,112,"REUBE","BEGGINI","610707870-3",819752931,"TBECKERLEG60@ELPAIS.COM"),
(217,2,"TOBE","BECKERLEG","448813609-5",625345818,"DBROSE61@ACQUIRETHISNAME.COM"),
(218,286,"DEVI","BROSE","933806043-8",351561987,"GGARCES62@HISTATS.COM"),
(219,404,"GUSTY","GARCES","935277056-0",994622143,"BMCWHINNIE63@G.CO"),
(220,177,"BERNI","MCWHINNIE","064114237-4",863016636,"VLONGHORNE64@BUSINESSWIRE.COM"),
(221,317,"VINNI","LONGHORNE","861491676-0",970364105,"ZMCARD65@EKBLOG.JP"),
(222,266,"ZAHARA","MCARD","637268214-1",962955718,"TISHCHENKO66@YAHOO.COM"),
(223,418,"TASHA","ISHCHENKO","476929056-K",537372943,"MDUDBRIDGE67@HOSTGATOR.COM"),
(224,452,"MALANIE","DUDBRIDGE","937483160-0",558096275,"BMCKINNELL68@SAKURA.NE.JP"),
(225,211,"BENNY","MCKINNELL","609537529-0",171394553,"PBROOK69@GOOGLE.IT"),
(226,53,"PAM","BROOK","842226937-6",254961748,"RSCHRODER6A@UN.ORG"),
(227,148,"RICORIKI","SCHRODER","119518700-9",312583969,"RNEIL6B@LATIMES.COM"),
(228,163,"RORI","NEIL","897175557-1",546633520,"BPOSNETT6C@WEBS.COM"),
(229,393,"BELL","POSNETT","557024166-3",622658661,"RAIZLEWOOD6D@GOOGLE.CO.UK"),
(230,282,"RUY","AIZLEWOOD","411137344-5",812189585,"PPHELPS6E@NETLOG.COM"),
(231,229,"PRUDY","PHELPS","085058110-9",867167677,"TBRANNAN6F@PLALA.OR.JP"),
(232,185,"TOWN","BRANNAN","000448884-9",963679109,"GGOODLET6G@THEGUARDIAN.COM"),
(233,25,"GREGOOR","GOODLET","101741508-0",665437850,"EBUBB6H@JIMDO.COM"),
(234,319,"ENGLEBERT","BUBB","089737937-3",347315352,"SMCCRONE6I@BUSINESSWIRE.COM"),
(235,357,"SHANDIE","MCCRONE","566180109-2",861054267,"BHURRY6J@YOLASITE.COM"),
(236,82,"BRIETTA","HURRY","411604168-8",932992921,"WPENVARDEN6K@TINYPIC.COM"),
(237,134,"WINNI","PENVARDEN","468778437-2",863341674,"PGALLALLY6L@REDCROSS.ORG"),
(238,131,"PHILLY","GALLALLY","156698050-K",844113621,"MTOLLFREE6M@DOMAINMARKET.COM"),
(239,316,"MORDY","TOLLFREE","688157157-7",506152940,"MLOWFILL6N@SKYROCK.COM"),
(240,150,"MERSEY","LOWFILL","350532003-K",632597227,"WANDREACCI6O@I2I.JP"),
(241,117,"WANIDS","ANDREACCI","031446158-2",666722196,"JBACCUS6P@FACEBOOK.COM"),
(242,39,"JANDY","BACCUS","793240573-4",489984454,"NHARRISS6Q@MICROSOFT.COM"),
(243,68,"NEELY","HARRISS","015227779-K",976111216,"RBERNACIAK6R@WALMART.COM"),
(244,356,"RICHMOUND","BERNACIAK","797432264-0",687280890,"AKEMBLE6S@GOOGLE.CA"),
(245,496,"AMBROSE","KEMBLE","258989600-K",629517757,"KCUMMINS6T@IS.GD"),
(246,432,"KASSIE","CUMMINS","175497188-1",812784549,"CDORSAY6U@GOOGLE.FR"),
(247,178,"CHIQUIA","D'ORSAY","912149376-6",864018299,"PWITTERICK6V@EKAMINER.COM"),
(248,109,"PAULINE","WITTERICK","062085333-6",866892280,"APAWLACZYK6W@PSU.EDU"),
(249,136,"ABIGAIL","PAWLACZYK","500819065-2",484501182,"UCOGER6K@BOSTON.COM"),
(250,478,"URSULINE","COGER","500141989-1",577026981,"VLEMARIE6Y@INDIEGOGO.COM"),
(251,447,"VIRGE","LEMARIE","033859360-8",866517496,"ACOPSON6Z@INDIEGOGO.COM"),
(252,373,"AUGUSTE","COPSON","303884045-9",607254878,"HCLINTON70@IBM.COM"),
(253,328,"HARRI","CLINTON","994095276-7",351644191,"MFERREIRO71@BLOGTALKRADIO.COM"),
(254,416,"MARVEN","FERREIRO","937670680-3",772383480,"NSUNOCK72@EKBLOG.JP"),
(255,187,"NATIVIDAD","SUNOCK","618261673-3",542829292,"MBELLENIE73@WP.COM"),
(256,106,"MITCH","BELLENIE","606359500-7",623067225,"NKIRTLAN74@PRINCETON.EDU"),
(257,65,"NISSE","KIRTLAN","875807355-8",781610396,"EMCILVENNY75@W3.ORG"),
(258,58,"EOLANDA","MCILVENNY","766301532-0",670990395,"EMACFAYDEN76@NYDAILYNEWS.COM"),
(259,398,"EPHRAYIM","MACFAYDEN","874329879-6",611203268,"BPINCHING77@DION.NE.JP"),
(260,182,"BLISSE","PINCHING","906681258-3",862373802,"CPLAKTON78@SAKURA.NE.JP"),
(261,130,"CHUCK","PLAKTON","757451473-9",780278918,"KMCHARG79@CONSTANTCONTACT.COM"),
(262,476,"KIRSTI","MCHARG","116879530-3",812874905,"GCOLLOCOTT7A@HHS.GOV"),
(263,367,"GALVAN","COLLOCOTT","027860629-6",861476416,"BBRIDGESTOCK7B@OW.LY"),
(264,432,"BURNARD","BRIDGESTOCK","201474801-2",633545919,"MANTOSZEWSKI7C@STATE.GOV"),
(265,206,"MORLEE","ANTOSZEWSKI","676559834-0",555708801,"ACULMER7D@51.LA"),
(266,299,"AMELIA","CULMER","533290331-6",868165579,"DMATION7E@NBCNEWS.COM"),
(267,156,"DONETTA","MATION","402077687-3",139093514,"ILAZER7F@OW.LY"),
(268,454,"INGELBERT","LAZER","079307130-5",976250580,"BDOMINI7G@BLOG.COM"),
(269,331,"BROOKS","DOMINI","942502090-6",868941739,"EOKENNEDY7H@CRAIGSLIST.ORG"),
(270,262,"ELIAS","O'KENNEDY","540465726-K",337426523,"HMALETRATT7I@SYMANTEC.COM"),
(271,70,"HENDERSON","MALETRATT","234544381-2",625453808,"NBUGLASS7J@JUGEM.JP"),
(272,358,"NORA","BUGLASS","764825045-4",482836069,"LEDELER7K@VIRGINIA.EDU"),
(273,213,"LOUIE","EDELER","624026678-7",334405875,"SEVERISS7L@GEOCITIES.JP"),
(274,241,"SIGISMUNDO","EVERISS","237999160-K",558829578,"EDOWSETT7M@TOPLIST.CZ"),
(275,200,"EGAN","DOWSETT","470737302-K",338259311,"JANDRZEJCZAK7N@TAOBAO.COM"),
(276,19,"JEANA","ANDRZEJCZAK","703739900-0",629558602,"ELINDENSTRAUSS7O@PHP.NET"),
(277,109,"EMYLEE","LINDENSTRAUSS","968707978-9",880905889,"BSATFORD7P@PRLOG.ORG"),
(278,257,"BREENA","SATFORD","170880087-5",868685120,"MPLASKETT7Q@CBC.CA"),
(279,440,"MAY","PLASKETT","793189889-3",994462646,"DWILKES7R@SOGOU.COM"),
(280,340,"DONNIE","WILKES","052890392-6",869408323,"WORTIGA7S@LIVEJOURNAL.COM"),
(281,437,"WHEELER","ORTIGA","842666281-1",865536876,"GHATCHMAN7T@MARRIOTT.COM"),
(282,249,"GRETEL","HATCHMAN","971954246-2",386761753,"NJEANNESSON7U@GOOGLE.DE"),
(283,474,"NORMA","JEANNESSON","623313607-5",528554782,"GSZYMANZYK7V@VK.COM"),
(284,279,"GANNIE","SZYMANZYK","281118037-0",333887385,"GARNI7W@WSJ.COM"),
(285,478,"GERICK","ARNI","130230548-4",468999658,"GOLIVETI7K@GOOGLE.COM.AU"),
(286,360,"GRIZ","OLIVETI","365274903-0",865392168,"MVANHALEN7Y@SPHINN.COM"),
(287,39,"MAURITS","VANHALEN","321573241-6",234470511,"LSERRELS7Z@APPLE.COM"),
(288,303,"LORRAYNE","SERRELS","256548376-7",867623325,"DNARIS80@MSU.EDU"),
(289,54,"DONAVON","NARIS","404668266-3",351650469,"BHURICH81@PRINTFRIENDLY.COM"),
(290,20,"BUDDY","HURICH","921704717-1",621183036,"NEDWICK82@FOTKI.COM"),
(291,448,"NATALIE","EDWICK","622704940-9",375553298,"OECCLESALL83@THEATLANTIC.COM"),
(292,313,"OLYMPE","ECCLESALL","211656025-K",420611923,"DHASARD84@MERRIAM-WEBSTER.COM"),
(293,369,"DONELLE","HASARD","611105569-0",866363258,"QROOME85@WIK.COM"),
(294,411,"QUINTANA","ROOME","492059259-0",255286629,"AGEATER86@IMGUR.COM"),
(295,181,"ADLER","GEATER","910674290-4",797271615,"VFOREMAN87@BEHANCE.NET"),
(296,381,"VERN","FOREMAN","367334579-6",140979747,"LBLEAKLEY88@VISTAPRINT.COM"),
(297,467,"LYELL","BLEAKLEY","056029315-1",517579572,"IBOYS89@NYU.EDU"),
(298,39,"ISAAK","BOYS","359144007-8",380186951,"TTILEY8A@DESDEV.CN"),
(299,427,"TRIP","TILEY","195827386-4",226791423,"LDEEPROSE8B@DELL.COM"),
(300,382,"LAZARUS","DEEPROSE","937163940-7",662563244,"BSTORCKE8C@EBAY.CO.UK"),
(301,301,"BRIER","STORCKE","015293839-7",633159424,"GMORDAN8D@GMPG.ORG"),
(302,368,"GIORGIA","MORDAN","986955804-6",624685662,"SYEOMANS8E@IS.GD"),
(303,82,"STIRLING","YEOMANS","974197507-4",351725104,"KMORFORD8F@WIKIPEDIA.ORG"),
(304,301,"KIRSTENI","MORFORD","960201059-2",665643828,"OFLECKNELL8G@DRUPAL.ORG"),
(305,446,"OFELIA","FLECKNELL","821993281-3",866132912,"CSHEER8H@SQUIDOO.COM"),
(306,266,"CARYL","SHEER","128466291-8",234159860,"DWEALD8I@IFENG.COM"),
(307,417,"DOMINICA","WEALD","893826884-5",868543813,"DBROWNLIE8J@AMAZON.COM"),
(308,214,"DEEYN","BROWNLIE","396464002-6",867951451,"RRIDE8K@SURVEYMONKEY.COM"),
(309,137,"ROZALIN","RIDE","745187173-8",623221751,"JBROWNLOW8L@GOOGLE.DE"),
(310,429,"JODEE","BROWNLOW","272290693-7",471551182,"MSHANAHAN8M@MASHABLE.COM"),
(311,59,"MARRISSA","SHANAHAN","874009032-9",351613288,"EBISWELL8N@PRWEB.COM"),
(312,476,"ERIN","BISWELL","607834378-5",371514775,"MSMOOTH8O@OAIC.GOV.AU"),
(313,175,"MARIGOLD","SMOOTH","751681503-9",462651002,"KSIGGS8P@BANDCAMP.COM"),
(314,30,"KORRY","SIGGS","638384767-8",335159838,"DPOSSELOW8Q@NAROD.RU"),
(315,162,"DEBOR","POSSELOW","846878362-5",170632065,"TFALCONERTAYLOR8R@CLOUDFLARE.COM"),
(316,15,"THEODORIC","FALCONER-TAYLOR","275462319-1",110189790,"MPRIESTLAND8S@PHOTOBUCKET.COM"),
(317,332,"MARLEEN","PRIESTLAND","808263665-3",157016551,"SYASHNOV8T@TINYPIC.COM"),
(318,294,"SHERRIE","YASHNOV","192481413-7",358403698,"HCAPENER8U@OAIC.GOV.AU"),
(319,334,"HILDAGARDE","CAPENER","106305828-7",722777632,"NDALLMAN8V@1UND1.DE"),
(320,27,"NORRY","DALLMAN","603703150-9",823986984,"LBEEFON8W@SOURCEFORGE.NET"),
(321,467,"LUCHO","BEEFON","711168819-8",335181352,"FFESBY8K@AMAZON.CO.UK"),
(322,258,"FIELD","FESBY","822489091-0",482016118,"LVERRALLS8Y@GOODREADS.COM"),
(323,54,"LORY","VERRALLS","840332792-7",861584057,"LPIDGIN8Z@MYSQL.COM"),
(324,465,"LAYTON","PIDGIN","943277687-5",339926548,"JMEE90@OVER-BLOG.COM"),
(325,485,"JOSEY","MEE","946578710-8",595675469,"SRIGNALL91@BLUEHOST.COM"),
(326,275,"SCOTTY","RIGNALL","767821510-K",355156295,"GDOWGILL92@BEHANCE.NET"),
(327,424,"GWENETTE","DOWGILL","026471664-7",380284233,"MTOLOMELLI93@THETIMES.CO.UK"),
(328,377,"MALINA","TOLOMELLI","646066563-K",959907493,"NHASSEY94@ELEGANTTHEMES.COM"),
(329,253,"NOLLIE","HASSEY","736748553-9",577023363,"EMCKEVENEY95@SHOP-PRO.JP"),
(330,350,"ERSKINE","MCKEVENEY","297524211-5",251968554,"LVARNDELL96@WIKIPEDIA.ORG"),
(331,217,"LORILYN","VARNDELL","041378348-0",559632739,"CMUSGRAVE97@SHOP-PRO.JP"),
(332,167,"CLAUDIA","MUSGRAVE","036332083-0",479055652,"OIVANISHCHEV98@APPLE.COM"),
(333,368,"ORELLE","IVANISHCHEV","424729405-9",380326666,"WVINKER99@TINYPIC.COM"),
(334,129,"WALLIE","VINKER","030956874-9",521308928,"MBASSANO9A@PRINCETON.EDU"),
(335,420,"MARIE","BASSANO","900401531-0",626636015,"AMACCAULL9B@LYCOS.COM"),
(336,347,"ARLANA","MACCAULL","695845947-4",502334232,"IHOLLIBONE9C@CHRONOENGINE.COM"),
(337,107,"IVES","HOLLIBONE","918425933-7",486987259,"CLONGO9D@BIBLEGATEWAY.COM"),
(338,391,"CLARE","LONGO","844948548-7",976370117,"CHANDASIDE9E@GNU.ORG"),
(339,20,"CAITRIN","HANDASIDE","936434020-5",631412123,"CPHILBRICK9F@WEEBLY.COM"),
(340,498,"CAMI","PHILBRICK","916632848-9",639179009,"MJAKUBOWSKY9G@INDIEGOGO.COM"),
(341,436,"MARCELLUS","JAKUBOWSKY","072226198-5",622442775,"GCANCELIER9H@GOO.GL"),
(342,60,"GRATIANA","CANCELIER","664682991-8",468449874,"MYERRELL9I@HOME.PL"),
(343,321,"MARESSA","YERRELL","333146244-6",861436031,"KCOUNTER9J@GEOCITIES.COM"),
(344,460,"KITTIE","COUNTER","221397234-6",864524247,"SFALK9K@GNU.ORG"),
(345,390,"SONDRA","FALK","559461217-3",625425475,"AFINCHAM9L@TELEGRAPH.CO.UK"),
(346,366,"ANJELA","FINCHAM","705714250-1",558894358,"ORODWELL9M@TRELLIAN.COM"),
(347,375,"ORSON","RODWELL","663032389-0",769647390,"AMACTRUSTIE9N@JUGEM.JP"),
(348,78,"ANTONY","MACTRUSTIE","611726024-5",486272679,"AGULLIVER9O@CHICAGOTRIBUNE.COM"),
(349,120,"ARMANDO","GULLIVER","949666642-6",629509756,"LOKENFORD9P@CAFEPRESS.COM"),
(350,213,"LEANORA","OKENFORD","130080092-5",351493653,"MDRYSDALE9Q@INFOSEEK.CO.JP"),
(351,493,"MUFI","DRYSDALE","542329550-5",332767914,"CCROOKS9R@NEWYORKER.COM"),
(352,278,"CROSBY","CROOKS","058218726-5",976427439,"RCOKALL9S@DEVIANTART.COM"),
(353,468,"RAFAELA","COKALL","754184140-4",868363691,"RNORVILL9T@OW.LY"),
(354,157,"RICKEY","NORVILL","304505144-8",517773381,"FGUIDI9U@EVENTBRITE.COM"),
(355,228,"FERDINANDA","GUIDI","595845785-3",869311113,"RSHRIMPTONE9V@GOOGLE.CA"),
(356,214,"RONDA","SHRIMPTONE","292105845-6",301396623,"FDUMIGAN9W@ORACLE.COM"),
(357,153,"FAYETTE","DUMIGAN","375776812-4",232463462,"HTHARME9K@E-RECHT24.DE"),
(358,164,"HUGUES","THARME","507268301-K",351557540,"LENOCHSSON9Y@FLICKR.COM"),
(359,294,"LAYNE","ENOCHSSON","336542168-8",864805877,"SSKYNER9Z@SYMANTEC.COM"),
(360,460,"SAMSON","SKYNER","798929769-8",334742746,"DCOGGLESA0@ANSWERS.COM"),
(361,494,"DAMIAN","COGGLES","827291973-7",865837437,"CMYNERA1@TINYURL.COM"),
(362,68,"CHERISH","MYNER","724576251-1",627283007,"VLEANINGA2@COCOLOG-NIFTY.COM"),
(363,77,"VIVIANNE","LEANING","612858727-5",332654576,"CMAKEYA3@REDDIT.COM"),
(364,80,"CHICKY","MAKEY","102226385-4",626367788,"PBIDGODA4@NETWORKADVERTISING.ORG"),
(365,409,"PORTIE","BIDGOD","541974213-6",338778038,"CCLEMMEYA5@UOL.COM.BR"),
(366,375,"COLMAN","CLEMMEY","508682556-3",623354549,"SBLUNDENA6@MAIL.RU"),
(367,399,"SANDIE","BLUNDEN","256294541-7",420328946,"GBERRIDGEA7@OW.LY"),
(368,490,"GORDEN","BERRIDGE","576945548-9",332693749,"BLEMBKEA8@WIKIA.COM"),
(369,198,"BEATRISA","LEMBKE","770157186-8",648013263,"LELFEA9@ENGADGET.COM"),
(370,64,"LYNDE","ELFE","727689307-3",864087837,"IFITZSIMONSAA@SEATTLETIMES.COM"),
(371,236,"ISABEL","FITZSIMONS","204397166-2",186480817,"DSIMONINIAB@ISSUU.COM"),
(372,500,"DAVEEN","SIMONINI","309005937-1",628865130,"BROOPERAC@DROPBOK.COM"),
(373,421,"BECKIE","ROOPER","169259420-6",623484463,"BCOOKLEYAD@FURL.NET"),
(374,358,"BILLY","COOKLEY","343850966-0",185049185,"PSTRAPPAE@PARALLELS.COM"),
(375,354,"PRIS","STRAPP","971911188-7",963769971,"IGOODLATTAF@VKONTAKTE.RU"),
(376,366,"IRWIN","GOODLATT","761157967-3",748190064,"MJULIFFAG@CISCO.COM"),
(377,215,"MARGARITA","JULIFF","222772799-3",232729285,"BBUDDINGTONAH@FOKNEWS.COM"),
(378,222,"BOONY","BUDDINGTON","941136699-6",573154800,"FSCOLEAI@PEOPLE.COM.CN"),
(379,263,"FIELDING","SCOLE","692360795-7",335498886,"LELIAAJ@GOOGLE.NL"),
(380,331,"LUCIAN","ELIA","399549235-5",864722442,"DGRIBBENAK@TUTTOCITTA.IT"),
(381,499,"DULCEA","GRIBBEN","900206671-6",623771770,"BHEININGAL@MIITBEIAN.GOV.CN"),
(382,55,"BREE","HEINING","689458252-1",864432138,"GTAPHOUSEAM@ISTOCKPHOTO.COM"),
(383,454,"GABRIELE","TAPHOUSE","259626677-6",865502025,"MFRAZERAN@GOO.NE.JP"),
(384,211,"MICHAELINA","FRAZER","215707683-2",628914945,"CPOTTERIDGEAO@CENSUS.GOV"),
(385,458,"CELIA","POTTERIDGE","751789838-8",547225921,"CMOUNTCASTLEAP@BAIDU.COM"),
(386,143,"CHERILYN","MOUNTCASTLE","955940349-4",353995523,"ESTOCKFORDAQ@VIMEO.COM"),
(387,118,"EZIECHIELE","STOCKFORD","545156516-3",205273440,"KMURTHWAITEAR@LOC.GOV"),
(388,22,"KASPAR","MURTHWAITE","125512597-7",866388300,"PCHEELAS@IBM.COM"),
(389,46,"PHEBE","CHEEL","296596829-6",818995046,"IPURSERAT@MYSPACE.COM"),
(390,355,"IRA","PURSER","732301326-7",868064323,"WDUCHATEAUAU@SOUP.IO"),
(391,108,"WESTLEY","DUCHATEAU","636115448-3",862309936,"MMAPAMAV@FOTKI.COM"),
(392,111,"MORNA","MAPAM","358219678-K",862978529,"ECOWLARDAW@FOKNEWS.COM"),
(393,304,"ERMENTRUDE","COWLARD","584436157-1",861691790,"ALOBLEAK@COCOLOG-NIFTY.COM"),
(394,82,"ASHLEY","LOBLE","615689366-0",868697383,"HEASTUPAY@TUMBLR.COM"),
(395,233,"HELENELIZABETH","EASTUP","134563818-3",666396844,"ASTRANIERIAZ@GMPG.ORG"),
(396,306,"ALMERIA","STRANIERI","061842770-8",359164527,"IBUTTRUMB0@EZINEARTICLES.COM"),
(397,9,"IAGO","BUTTRUM","033396757-7",847643479,"AANDREWSB1@OW.LY"),
(398,243,"ANDROS","ANDREWS","927905511-9",526204765,"MBLEASB2@FRIENDFEED.COM"),
(399,233,"MERILYN","BLEAS","856859138-8",845499315,"TMERRILLB3@POSTEROUS.COM"),
(400,195,"TABITHA","MERRILL","219830009-5",568193366,"JONDRAB4@ANSWERS.COM"),
(401,475,"JOSI","ONDRA","327522895-1",353508628,"RNUEMANNB5@WIK.COM"),
(402,276,"RENA","NUEMANN","437307116-0",628645725,"CSIMONB6@WASHINGTONPOST.COM"),
(403,227,"CORISSA","SIMON","896789610-7",524037458,"LCARLSENB7@BLOOMBERG.COM"),
(404,126,"LOUELLA","CARLSEN","593686331-K",783769167,"PADLAMB8@GOO.NE.JP"),
(405,223,"PAM","ADLAM","753895689-1",863507269,"CDOORLYB9@MSN.COM"),
(406,220,"CHICKY","DOORLY","840358325-7",963970784,"CMARKOVICHBA@SALON.COM"),
(407,19,"CORNALL","MARKOVICH","966718920-1",302164247,"KMCMAINSBB@STUMBLEUPON.COM"),
(408,310,"KELSEY","MCMAINS","328489932-4",337719138,"LSCRIVENSBC@PRWEB.COM"),
(409,9,"LY","SCRIVENS","671851519-1",171975219,"RSHEGOGBD@EDUBLOGS.ORG"),
(410,156,"ROURKE","SHEGOG","722562329-K",732172470,"CJOLLYEBE@KICKSTARTER.COM"),
(411,387,"CON","JOLLYE","477890472-9",563337827,"RDEMETZBF@DEDECMS.COM"),
(412,295,"RANDY","DEMETZ","198030842-K",976885824,"JSTOKEYBG@CHINA.COM.CN"),
(413,356,"JANY","STOKEY","266285294-1",226665238,"RGODMERBH@SPHINN.COM"),
(414,458,"ROKIE","GODMER","051972264-7",816601399,"DPEATTBI@ORACLE.COM"),
(415,138,"DEEDEE","PEATT","480160493-5",507237324,"BMCMENAMINBJ@NYDAILYNEWS.COM"),
(416,204,"BRANDEN","MCMENAMIN","701754621-0",351702652,"WLEBRUNBK@163.COM"),
(417,85,"WAITER","LEBRUN","466162985-K",375498309,"COBALBL@DELICIOUSDAYS.COM"),
(418,322,"CHERIDA","OBAL","297729280-2",760114963,"GMACCLENANBM@OAKLEY.COM"),
(419,81,"GUS","MACCLENAN","823189558-2",463785892,"CCHATAINIERBN@UPENN.EDU"),
(420,352,"CARLING","CHATAINIER","278304442-0",351479417,"BTUPMANBO@CNBC.COM"),
(421,336,"BRITT","TUPMAN","774835658-0",151223035,"NPETRACCHIBP@PBS.ORG"),
(422,174,"NORBIE","PETRACCHI","336131172-1",276061018,"SKLASSMANNBQ@ED.GOV"),
(423,334,"STANISLAS","KLASSMANN","350761715-3",234940708,"GMCKINLAYBR@NYDAILYNEWS.COM"),
(424,404,"GLAD","MCKINLAY","318204772-8",352498857,"KEMBERSONBS@GEOCITIES.COM"),
(425,115,"KRIS","EMBERSON","072842379-0",232130320,"AFILLISBT@EARTHLINK.NET"),
(426,437,"ANTHE","FILLIS","510480964-1",495224591,"NGALFOURBU@NPR.ORG"),
(427,259,"NICOLA","GALFOUR","722724593-4",558831032,"FLEEBV@APPLE.COM"),
(428,149,"FRASER","LEE","000105134-2",235311448,"MPATEMOREBW@ARCHIVE.ORG"),
(429,262,"MEGGIE","PATEMORE","591034761-6",355980806,"RMCCLUREBK@STUMBLEUPON.COM"),
(430,241,"RHODIE","MCCLURE","506201023-3",864685922,"WGNIEWOSZBY@BLOGGER.COM"),
(431,453,"WAKE","GNIEWOSZ","751864230-1",817729325,"LKAINEBZ@ELEGANTTHEMES.COM"),
(432,386,"LEISHA","KAINE","238030695-8",357890805,"CNELLEC0@BANDCAMP.COM"),
(433,459,"CHRISTOPHER","NELLE","064150626-0",864799631,"BTALKSC1@BOSTON.COM"),
(434,434,"BENEDETTO","TALKS","821987562-3",863716355,"ZMANSELLC2@BOSTON.COM"),
(435,497,"ZSAZSA","MANSELL","999241040-K",276872640,"GHEINDLEC3@HATENA.NE.JP"),
(436,233,"GRADEY","HEINDLE","736540116-8",712160736,"DLUNDBERGC4@EDUBLOGS.ORG"),
(437,227,"DILLY","LUNDBERG","848941911-6",351605941,"HWISKARC5@MAYOCLINIC.COM"),
(438,480,"HEPHZIBAH","WISKAR","440910063-7",486059433,"GBEDFORDC6@T.CO"),
(439,66,"GLENNA","BEDFORD","660424377-K",976193333,"MOLEAHYC7@YALE.EDU"),
(440,218,"MARIANNE","O'LEAHY","704631580-9",234631817,"NSHIRLAWC8@STUDIOPRESS.COM"),
(441,304,"NATHANIL","SHIRLAW","129745694-7",516136729,"FLANGRIDGEC9@BUSINESSWIRE.COM"),
(442,462,"FRANCESCA","LANGRIDGE","163423970-9",518845259,"GSAURACA@SKYPE.COM"),
(443,273,"GHERARDO","SAURA","381901778-K",863428864,"CMINEROCB@ED.GOV"),
(444,333,"CIRSTOFORO","MINERO","725124470-5",351259227,"PMURRUMCC@ALEKA.COM"),
(445,249,"PEPITO","MURRUM","661260823-4",634019697,"GPOLLAKCD@51.LA"),
(446,163,"GAROLD","POLLAK","492035813-K",235265891,"BDOGERTYCE@BUZZFEED.COM"),
(447,485,"BRADLEY","DOGERTY","979054633-5",749443762,"HISHAMCF@FEEDBURNER.COM"),
(448,90,"HUNFREDO","ISHAM","668126154-K",420302101,"MFISKECG@WEIBO.COM"),
(449,265,"MEADE","FISKE","338417587-5",623407041,"NLILLECRAPCH@ELEGANTTHEMES.COM"),
(450,234,"NANICE","LILLECRAP","563277180-6",541706572,"DSTLEGERCI@SITEMETER.COM"),
(451,113,"DENNIS","STLEGER","408303464-5",518507525,"AAIMABLECJ@BUZZFEED.COM"),
(452,470,"ANNABEL","AIMABLE","067446363-3",545352292,"BLITHGOWCK@WEBS.COM"),
(453,191,"BELIA","LITHGOW","075725587-6",666842115,"KCARBINCL@TOPSY.COM"),
(454,36,"KALINDA","CARBIN","874270916-4",473305974,"BVERMANCM@WHITEHOUSE.GOV"),
(455,298,"BAKY","VERMAN","555566564-4",936655597,"ATOURSCN@CDBABY.COM"),
(456,222,"AILINA","TOURS","063175894-1",748051904,"BDUMMETTCO@PSU.EDU"),
(457,232,"BERNARD","DUMMETT","318427533-7",761136925,"MTABERTCP@GODADDY.COM"),
(458,412,"MELISENT","TABERT","132046237-5",331187505,"LCORSARCQ@PINTEREST.COM"),
(459,225,"LAURICE","CORSAR","382496259-4",865124545,"MBEHAGGCR@YELLOWPAGES.COM"),
(460,268,"MICHAELINE","BEHAGG","822285488-7",624492657,"EBARTELCS@CRAIGSLIST.ORG"),
(461,48,"ELITA","BARTEL","172308146-9",381286610,"SDANNETTCT@1UND1.DE"),
(462,173,"SANDIE","DANNETT","930600201-7",452891366,"HPINCKEDCU@SEATTLETIMES.COM"),
(463,435,"HEATH","PINCKED","115933685-7",509950875,"TSELVEYCV@GLOBO.COM"),
(464,229,"TAMMARA","SELVEY","692164143-0",492594906,"BBUNDOCKCW@STATE.GOV"),
(465,446,"BRIER","BUNDOCK","505979309-5",996452377,"MBURDUSCK@NETLOG.COM"),
(466,132,"MEGAN","BURDUS","260199801-6",235713858,"BDUGGENCY@TINYURL.COM"),
(467,337,"BASILIUS","DUGGEN","815300600-2",358690883,"VKARCZINSKICZ@JOOMLA.ORG"),
(468,6,"VALERA","KARCZINSKI","284342097-0",351866392,"AMEDHURSTD0@SAKURA.NE.JP"),
(469,278,"AIMIL","MEDHURST","099141177-3",865031602,"BFLACKNOED1@ADDTOANY.COM"),
(470,64,"BONE","FLACKNOE","992665456-8",355899328,"MBUTTERSD2@YAHOO.CO.JP"),
(471,8,"MOSS","BUTTERS","735589571-0",863311228,"EBENDALLD3@123-REG.CO.UK"),
(472,355,"EUPHEMIA","BENDALL","140359254-3",251276146,"NISKOWICZD4@GOO.GL"),
(473,216,"NOWELL","ISKOWICZ","962961249-6",622964107,"DSONNERD5@SMUGMUG.COM"),
(474,210,"DEMOTT","SONNER","754225154-6",380229408,"ABRUINSMAD6@FORBES.COM"),
(475,103,"ALLYN","BRUINSMA","292528694-1",133449569,"WKUBEKD7@DEVIANTART.COM"),
(476,228,"WINI","KUBEK","695259302-0",624423954,"KMAMWELLD8@TOPLIST.CZ"),
(477,461,"KATLIN","MAMWELL","935712893-K",633381459,"GSICKAMORED9@CBC.CA"),
(478,398,"GRIFFITH","SICKAMORE","432524881-1",627959730,"NNUNESNABARRODA@SCRIBD.COM"),
(479,361,"NATALIE","NUNESNABARRO","460170241-0",333819339,"THOLYWELLDB@FOKNEWS.COM"),
(480,351,"TYLER","HOLYWELL","953533529-4",936938608,"MPINARDDC@MERRIAM-WEBSTER.COM"),
(481,408,"MARCELLINE","PINARD","742382721-5",607643897,"BMCMILLANDD@ALEKA.COM"),
(482,223,"BERNADINE","MCMILLAN","721613974-7",665678342,"IOCARNEYDE@OPENSOURCE.ORG"),
(483,383,"ISIS","O'CARNEY","808283009-3",387535451,"CBROOSEDF@OVH.NET"),
(484,181,"CART","BROOSE","428348186-6",482695371,"CMAFFINDG@IRS.GOV"),
(485,225,"CHRISTIAN","MAFFIN","808564599-8",230339715,"RROTGEDH@MAPQUEST.COM"),
(486,232,"RIPLEY","ROTGE","815258785-0",387618450,"DKONRADDI@YALE.EDU"),
(487,119,"DENNY","KONRAD","072742716-4",636412779,"MDUFFITDJ@HUBPAGES.COM"),
(488,198,"MONTE","DUFFIT","713977874-4",336066327,"GTWAITSDK@HOWSTUFFWORKS.COM"),
(489,122,"GERTA","TWAITS","722070618-9",209343777,"NMORADL@KINHUANET.COM"),
(490,140,"NESSY","MORA","959673067-3",623522685,"LCARILLODM@ISSUU.COM"),
(491,219,"LEESE","CARILLO","463705537-7",359736171,"TBROLECHANDN@CBSNEWS.COM"),
(492,467,"THOM","BROLECHAN","622861135-6",556286409,"GMAPSTONEDO@COM.COM"),
(493,21,"GENVIEVE","MAPSTONE","214671978-8",488237994,"RMABONEDP@DISCOVERY.COM"),
(494,464,"RUBE","MABONE","106128982-6",466725355,"MHACKINGDQ@DISCUZ.NET"),
(495,273,"MAIBLE","HACKING","057111457-1",275038614,"JDULWITCHDR@WEIBO.COM"),
(496,18,"JOSEY","DULWITCH","400516716-0",598149535,"QMACCOUGHENDS@TRELLIAN.COM"),
(497,135,"QUINTON","MACCOUGHEN","436052417-K",380621549,"COGRADADT@DAILYMOTION.COM"),
(498,114,"CARTER","O'GRADA","914358423-3",542683159,"RFITZPAYNDU@EUROPA.EU"),
(499,46,"ROWAN","FITZPAYN","798077973-8",625129802,"JWALBURNDV@WIRED.COM"),
(500,49,"JENIECE","WALBURN","812674663-7",624422169,"jwalburndv@wired.com");

insert into dpto_ventas
values (1,146,956327512),
(2,136,945632178),
(3,490,998425114),
(4,181,915236847),
(5,463,998425114),
(6,166,956327512),
(7,222,998425114),
(8,278,915236847),
(9,372,956327512),
(10,434,956327512),
(11,207,915236847),
(12,103,998425114),
(13,306,915236847),
(14,496,915236847),
(15,299,998425114),
(16,35,945632178),
(17,243,998425114),
(18,422,998425114),
(19,472,945632178),
(20,366,998425114),
(21,470,945632178),
(22,437,945632178),
(23,354,998425114),
(24,78,915236847),
(25,84,956327512),
(26,19,998425114),
(27,244,956327512),
(28,347,945632178),
(29,120,945632178),
(30,144,998425114),
(31,365,915236847),
(32,82,945632178),
(33,479,956327512),
(34,373,956327512),
(35,167,998425114),
(36,442,915236847),
(37,298,915236847),
(38,399,945632178),
(39,253,915236847),
(40,266,915236847),
(41,179,956327512),
(42,466,956327512),
(43,337,956327512),
(44,198,915236847),
(45,409,998425114),
(46,421,956327512),
(47,191,945632178),
(48,393,915236847),
(49,6,956327512),
(50,247,915236847),
(51,434,945632178),
(52,281,915236847),
(53,211,945632178),
(54,7,945632178),
(55,497,915236847),
(56,223,998425114),
(57,232,915236847),
(58,177,915236847),
(59,358,998425114),
(60,342,998425114),
(61,182,998425114),
(62,495,998425114),
(63,50,945632178),
(64,64,945632178),
(65,222,956327512),
(66,273,956327512),
(67,485,998425114),
(68,204,998425114),
(69,55,915236847),
(70,257,998425114),
(71,380,998425114),
(72,287,956327512),
(73,151,956327512),
(74,167,998425114),
(75,301,945632178),
(76,446,915236847),
(77,82,998425114),
(78,66,945632178),
(79,336,956327512),
(80,349,998425114),
(81,331,998425114),
(82,20,945632178),
(83,432,998425114),
(84,93,998425114),
(85,20,945632178),
(86,322,956327512),
(87,412,945632178),
(88,498,945632178),
(89,115,956327512),
(90,352,915236847),
(91,286,915236847),
(92,181,915236847),
(93,114,945632178),
(94,266,956327512),
(95,407,956327512),
(96,5,998425114),
(97,458,956327512),
(98,122,945632178),
(99,322,956327512),
(100,143,998425114),
(101,68,956327512),
(102,317,945632178),
(103,80,956327512),
(104,220,945632178),
(105,178,945632178),
(106,289,945632178),
(107,463,945632178),
(108,225,998425114),
(109,325,915236847),
(110,459,956327512),
(111,130,956327512),
(112,333,915236847),
(113,391,998425114),
(114,397,998425114),
(115,37,956327512),
(116,167,945632178),
(117,26,945632178),
(118,244,956327512),
(119,375,998425114),
(120,387,945632178),
(121,3,956327512),
(122,227,945632178),
(123,19,915236847),
(124,42,956327512),
(125,485,945632178),
(126,278,945632178),
(127,102,956327512),
(128,299,945632178),
(129,494,945632178),
(130,316,998425114),
(131,500,998425114),
(132,311,998425114),
(133,259,956327512),
(134,500,998425114),
(135,378,998425114),
(136,496,945632178),
(137,162,998425114),
(138,138,956327512),
(139,214,945632178),
(140,210,998425114),
(141,113,956327512),
(142,119,956327512),
(143,427,956327512),
(144,53,915236847),
(145,286,956327512),
(146,417,956327512),
(147,328,915236847),
(148,227,915236847),
(149,466,945632178),
(150,285,915236847),
(151,19,945632178),
(152,446,915236847),
(153,352,956327512),
(154,417,956327512),
(155,54,998425114),
(156,369,915236847),
(157,156,915236847),
(158,340,945632178),
(159,271,915236847),
(160,432,998425114),
(161,499,956327512),
(162,104,998425114),
(163,346,945632178),
(164,200,945632178),
(165,57,945632178),
(166,262,998425114),
(167,48,998425114),
(168,392,956327512),
(169,404,998425114),
(170,461,956327512),
(171,126,956327512),
(172,109,998425114),
(173,319,915236847),
(174,58,945632178),
(175,398,945632178),
(176,476,998425114),
(177,304,945632178),
(178,350,945632178),
(179,355,956327512),
(180,118,956327512),
(181,467,915236847),
(182,273,945632178),
(183,181,945632178),
(184,153,945632178),
(185,128,945632178),
(186,228,998425114),
(187,287,915236847),
(188,258,956327512),
(189,144,945632178),
(190,263,945632178),
(191,462,915236847),
(192,25,945632178),
(193,149,956327512),
(194,454,956327512),
(195,38,945632178),
(196,338,956327512),
(197,367,998425114),
(198,279,998425114),
(199,434,998425114),
(200,163,956327512),
(201,21,956327512),
(202,478,915236847),
(203,122,945632178),
(204,273,956327512),
(205,8,945632178),
(206,368,945632178),
(207,256,998425114),
(208,404,998425114),
(209,66,998425114),
(210,52,945632178),
(211,490,998425114),
(212,73,915236847),
(213,233,915236847),
(214,60,956327512),
(215,25,945632178),
(216,334,915236847),
(217,249,998425114),
(218,398,945632178),
(219,360,945632178),
(220,10,915236847),
(221,489,945632178),
(222,49,945632178),
(223,81,915236847),
(224,404,998425114),
(225,112,956327512),
(226,424,945632178),
(227,98,915236847),
(228,304,915236847),
(229,280,998425114),
(230,328,956327512),
(231,381,998425114),
(232,435,998425114),
(233,233,998425114),
(234,128,956327512),
(235,70,956327512),
(236,480,945632178),
(237,334,915236847),
(238,431,945632178),
(239,164,956327512),
(240,90,956327512),
(241,9,956327512),
(242,278,915236847),
(243,454,998425114),
(244,355,956327512),
(245,366,998425114),
(246,39,945632178),
(247,285,998425114),
(248,236,956327512),
(249,383,998425114),
(250,107,956327512),
(251,31,998425114),
(252,371,998425114),
(253,39,915236847),
(254,356,945632178),
(255,19,945632178),
(256,39,998425114),
(257,49,956327512),
(258,133,998425114),
(259,26,915236847),
(260,278,945632178),
(261,463,956327512),
(262,429,956327512),
(263,6,945632178),
(264,485,945632178),
(265,18,998425114),
(266,475,945632178),
(267,67,956327512),
(268,118,956327512),
(269,125,945632178),
(270,439,915236847),
(271,36,998425114),
(272,76,915236847),
(273,22,915236847),
(274,432,998425114),
(275,461,956327512),
(276,310,956327512),
(277,87,945632178),
(278,235,915236847),
(279,454,956327512),
(280,38,915236847),
(281,429,956327512),
(282,169,956327512),
(283,301,915236847),
(284,476,915236847),
(285,460,998425114),
(286,30,998425114),
(287,115,956327512),
(288,257,956327512),
(289,375,998425114),
(290,148,956327512),
(291,434,956327512),
(292,225,998425114),
(293,492,945632178),
(294,294,945632178),
(295,465,915236847),
(296,382,945632178),
(297,213,998425114),
(298,219,998425114),
(299,386,956327512),
(300,413,915236847),
(301,136,998425114),
(302,222,915236847),
(303,3,945632178),
(304,140,956327512),
(305,277,998425114),
(306,53,998425114),
(307,311,998425114),
(308,217,915236847),
(309,303,915236847),
(310,54,915236847),
(311,4,945632178),
(312,126,998425114),
(313,213,998425114),
(314,392,945632178),
(315,467,915236847),
(316,331,998425114),
(317,9,945632178),
(318,104,956327512),
(319,467,998425114),
(320,64,945632178),
(321,481,915236847),
(322,273,956327512),
(323,452,998425114),
(324,377,915236847),
(325,485,945632178),
(326,61,915236847),
(327,359,998425114),
(328,145,998425114),
(329,408,956327512),
(330,436,915236847),
(331,321,998425114),
(332,194,915236847),
(333,215,998425114),
(334,169,956327512),
(335,218,945632178),
(336,420,956327512),
(337,175,998425114),
(338,372,915236847),
(339,122,998425114),
(340,332,956327512),
(341,59,915236847),
(342,416,945632178),
(343,148,956327512),
(344,192,915236847),
(345,39,915236847),
(346,440,945632178),
(347,265,998425114),
(348,132,945632178),
(349,262,956327512),
(350,412,998425114),
(351,233,915236847),
(352,150,945632178),
(353,211,956327512),
(354,268,956327512),
(355,97,956327512),
(356,106,956327512),
(357,317,998425114),
(358,198,945632178),
(359,316,915236847),
(360,206,915236847),
(361,111,945632178),
(362,8,998425114),
(363,493,998425114),
(364,234,915236847),
(365,448,998425114),
(366,361,956327512),
(367,297,945632178),
(368,304,998425114),
(369,187,915236847),
(370,68,998425114),
(371,140,915236847),
(372,259,945632178),
(373,438,945632178),
(374,65,945632178),
(375,310,945632178),
(376,253,998425114),
(377,358,998425114),
(378,174,998425114),
(379,474,945632178),
(380,27,956327512),
(381,216,998425114),
(382,393,998425114),
(383,239,998425114),
(384,446,915236847),
(385,13,945632178),
(386,313,956327512),
(387,375,998425114),
(388,368,915236847),
(389,375,945632178),
(390,425,956327512),
(391,88,998425114),
(392,450,915236847),
(393,53,998425114),
(394,223,998425114),
(395,10,945632178),
(396,109,956327512),
(397,249,956327512),
(398,165,915236847),
(399,46,998425114),
(400,131,915236847),
(401,409,998425114),
(402,354,915236847),
(403,229,945632178),
(404,411,945632178),
(405,135,945632178),
(406,117,998425114),
(407,468,915236847),
(408,295,945632178),
(409,303,945632178),
(410,276,998425114),
(411,453,915236847),
(412,112,945632178),
(413,241,915236847),
(414,356,998425114),
(415,157,945632178),
(416,148,956327512),
(417,232,956327512),
(418,186,915236847),
(419,458,956327512),
(420,214,956327512),
(421,163,945632178),
(422,222,998425114),
(423,19,915236847),
(424,258,956327512),
(425,156,956327512),
(426,46,956327512),
(427,137,945632178),
(428,464,956327512),
(429,282,915236847),
(430,317,945632178),
(431,105,956327512),
(432,59,915236847),
(433,460,945632178),
(434,399,956327512),
(435,173,956327512),
(436,449,998425114),
(437,275,956327512),
(438,292,998425114),
(439,414,945632178),
(440,221,945632178),
(441,357,998425114),
(442,224,998425114),
(443,351,915236847),
(444,294,915236847),
(445,139,956327512),
(446,419,945632178),
(447,1,998425114),
(448,241,998425114),
(449,23,945632178),
(450,390,945632178),
(451,374,945632178),
(452,334,915236847),
(453,82,998425114),
(454,195,945632178),
(455,332,998425114),
(456,304,998425114),
(457,229,956327512),
(458,418,998425114),
(459,324,945632178),
(460,15,915236847),
(461,467,998425114),
(462,2,915236847),
(463,97,998425114),
(464,412,915236847),
(465,264,945632178),
(466,259,956327512),
(467,185,915236847),
(468,270,956327512),
(469,96,998425114),
(470,427,945632178),
(471,347,956327512),
(472,351,915236847),
(473,478,915236847),
(474,6,956327512),
(475,378,998425114),
(476,432,915236847),
(477,381,998425114),
(478,317,956327512),
(479,447,998425114),
(480,497,915236847),
(481,70,945632178),
(482,77,998425114),
(483,85,915236847),
(484,453,915236847),
(485,371,945632178),
(486,129,915236847),
(487,117,956327512),
(488,190,956327512),
(489,108,915236847),
(490,437,956327512),
(491,357,956327512),
(492,228,998425114),
(493,134,915236847),
(494,66,956327512),
(495,369,956327512),
(496,112,956327512),
(497,170,956327512),
(498,192,956327512),
(499,266,956327512),
(500,497,956327512);


insert into vendedores
values (1,"LAVENA","BIASINI","311212210-0","VENDEDOR SUPERVISOR"),
(2,"SHANA","ELNOUGH","255257838-1","VENDEDOR JUNIOR"),
(3,"FRIEDERIKE","MISSON","664932190-7","VENDEDOR I"),
(4,"JENNEE","SMALECOMBE","419398877-5","VENDEDOR II"),
(5,"DEENA","NICKLESS","358286842-7","VENDEDOR SUPERVISOR"),
(6,"YNES","HARDWELL","826548099-7","VENDEDOR I"),
(7,"ELLISSA","BOTE","536413350-8","VENDEDOR I"),
(8,"MARIBELLE","LAWRANCE","515305606-6","VENDEDOR I"),
(9,"EASTER","BIGLIN","149745571-5","VENDEDOR SUPERVISOR"),
(10,"CALLIDA","BOARLEYSON","918032031-7","VENDEDOR JUNIOR"),
(11,"ALINA","GASCOYEN","100757947-1","VENDEDOR SUPERVISOR"),
(12,"ZENIA","IVATT","103531565-3","VENDEDOR I"),
(13,"CHANDA","BEATEN","656901648-2","VENDEDOR SUPERVISOR"),
(14,"BERTHA","RAINBOW","387334443-2","VENDEDOR I"),
(15,"CHRISTY","DUBOCK","494087166-5","VENDEDOR JUNIOR"),
(16,"ANABELLA","YUKHOV","698780079-0","VENDEDOR JUNIOR"),
(17,"NADY","QUINTON","783987945-4","VENDEDOR II"),
(18,"HERTA","HALLEDAY","752089836-9","VENDEDOR JUNIOR"),
(19,"NETTLE","PULFORD","662551419-5","VENDEDOR I"),
(20,"CATHLEEN","CORSELLES","109388438-K","VENDEDOR I"),
(21,"LEENA","ROSENFELDER","635190899-K","VENDEDOR JUNIOR"),
(22,"ZENIA","CHAMPNEYS","732586180-K","VENDEDOR SUPERVISOR"),
(23,"MARISSA","MATCHETT","479570251-9","VENDEDOR II"),
(24,"LEYLA","BERNARDES","246602716-K","VENDEDOR I"),
(25,"GWYN","ATKIN","147693375-8","VENDEDOR I"),
(26,"JESS","ETHERINGTON","081903353-7","VENDEDOR JUNIOR"),
(27,"CASSI","LAVIELLE","241119838-8","VENDEDOR JUNIOR"),
(28,"CARON","JURGES","819259078-K","VENDEDOR SUPERVISOR"),
(29,"DANILA","NANETTI","111783845-5","VENDEDOR I"),
(30,"SALOMI","JIRICKA","886725376-K","VENDEDOR JUNIOR"),
(31,"CHRISTAL","GRIGOR","505072674-3","VENDEDOR I"),
(32,"IRENE","GARIE","663536069-7","VENDEDOR I"),
(33,"NATIVIDAD","TANTUM","857048906-4","VENDEDOR SUPERVISOR"),
(34,"MALIA","RAYHILL","362052697-4","VENDEDOR JUNIOR"),
(35,"PEARLINE","CLEWLOWE","390094228-5","VENDEDOR JUNIOR"),
(36,"ELIZABET","DREWES","070314341-7","VENDEDOR JUNIOR"),
(37,"MICHAELLA","TOFFANELLI","867799830-6","VENDEDOR I"),
(38,"SERENA","FILIPCZAK","049423257-9","VENDEDOR JUNIOR"),
(39,"ILISE","MESSIER","641899521-K","VENDEDOR I"),
(40,"FEODORA","RAINVILLE","304617881-6","VENDEDOR II"),
(41,"KRISTIEN","NOWACZYK","388959964-8","VENDEDOR SUPERVISOR"),
(42,"GILBERTINE","BODLE","610422972-7","VENDEDOR SUPERVISOR"),
(43,"ROSELIN","KELBERMAN","031210086-8","VENDEDOR JUNIOR"),
(44,"MAUDIE","BRANCHE","596687556-1","VENDEDOR JUNIOR"),
(45,"ARLENE","FENNE","888775035-1","VENDEDOR JUNIOR"),
(46,"NADEEN","LOVEITT","606764040-6","VENDEDOR I"),
(47,"HILDEGAARD","BOTTEN","388068882-6","VENDEDOR SUPERVISOR"),
(48,"MARIAN","YONNIE","946190569-6","VENDEDOR SUPERVISOR"),
(49,"MARTY","MOUGEL","126647729-2","VENDEDOR JUNIOR"),
(50,"LORELEI","LONDESBOROUGH","106931202-9","VENDEDOR SUPERVISOR");


insert into facturas
values 
(317,1,194,36,146,'2022-11-24',194529,163470),
(114,2,249,5,136,'2020-11-01',153684,129146),
(291,3,165,44,490,'2020-07-08',219135,184147),
(451,4,295,6,181,'2021-07-29',78697,66132),
(495,5,174,40,463,'2022-11-22',147458,123914),
(48,6,181,4,166,'2021-08-01',44358,37276),
(62,7,456,42,222,'2021-07-26',227964,191566),
(98,8,469,30,278,'2022-09-17',147742,124153),
(282,9,168,9,372,'2020-07-02',39371,33085),
(28,10,155,13,434,'2023-02-08',189305,159080),
(104,11,210,18,207,'2021-06-08',187602,157649),
(324,12,475,40,103,'2020-11-13',128977,108384),
(3,13,396,32,306,'2021-12-15',184097,154703),
(268,14,245,33,496,'2022-09-14',201259,169125),
(472,15,266,5,299,'2020-06-04',159029,133638),
(115,16,207,44,35,'2020-09-13',63199,53108),
(128,17,398,15,243,'2020-11-07',223163,187532),
(266,18,7,34,422,'2022-11-28',70593,59322),
(281,19,44,42,472,'2023-04-05',47412,39842),
(327,20,346,35,366,'2021-12-02',93949,78949),
(136,21,452,35,470,'2021-12-02',89077,74855),
(44,22,426,14,437,'2022-03-25',60515,50853),
(211,23,172,15,354,'2021-12-08',128178,107713),
(53,24,348,47,78,'2020-10-03',108923,91532),
(257,25,66,40,84,'2022-02-21',124397,104535),
(351,26,106,1,19,'2022-07-04',118307,99418),
(20,27,52,29,244,'2022-05-16',67619,56823),
(125,28,336,13,347,'2023-04-18',154721,130018),
(412,29,349,36,120,'2022-10-21',44617,37493),
(109,30,176,3,144,'2022-06-11',64124,53886),
(362,31,20,24,365,'2020-11-18',87554,73575),
(267,32,394,31,82,'2020-08-31',145474,122247),
(341,33,204,44,479,'2021-07-13',121539,102134),
(384,34,252,47,373,'2020-02-04',79711,66984),
(466,35,136,10,167,'2020-08-18',84566,71064),
(280,36,3,34,442,'2020-05-22',29234,24566),
(496,37,455,49,298,'2022-04-26',40254,33827),
(347,38,55,39,399,'2022-08-13',53119,44638),
(151,39,213,2,253,'2021-03-16',197420,165899),
(366,40,87,43,266,'2020-10-24',189359,159125),
(116,41,34,27,179,'2023-06-09',124503,104624),
(361,42,200,27,466,'2020-12-10',116154,97608),
(363,43,467,7,337,'2022-06-25',202081,169816),
(191,44,369,1,198,'2023-02-07',33065,27786),
(294,45,178,9,409,'2023-01-05',120470,101235),
(228,46,373,30,421,'2020-03-31',121192,101842),
(251,47,453,18,191,'2020-11-27',57700,48487),
(140,48,229,30,393,'2021-03-13',227965,191567),
(187,49,108,21,6,'2021-08-12',162364,136440),
(385,50,138,7,247,'2020-01-03',156233,131288),
(424,51,434,41,434,'2023-06-22',78823,66238),
(105,52,15,20,281,'2022-03-14',72733,61120),
(206,53,225,50,211,'2020-07-08',24515,20601),
(329,54,90,15,7,'2020-06-08',80032,67254),
(131,55,82,35,497,'2023-06-25',157483,132339),
(469,56,482,42,223,'2021-06-18',64993,54616),
(127,57,457,4,232,'2020-02-27',40055,33660),
(277,58,220,35,177,'2023-01-28',122937,103308),
(30,59,374,13,358,'2022-07-13',52072,43758),
(171,60,92,36,342,'2020-11-10',128182,107716),
(188,61,260,48,182,'2022-09-03',49082,41245),
(25,62,50,11,495,'2020-08-15',64997,54619),
(15,63,21,27,50,'2022-01-07',87596,73610),
(397,64,470,15,64,'2021-03-09',66422,55817),
(386,65,378,33,222,'2020-03-20',206889,173856),
(448,66,103,34,273,'2021-08-15',99226,83383),
(81,67,447,38,485,'2021-01-20',97582,82002),
(39,68,416,39,204,'2020-09-11',205819,172957),
(173,69,382,30,55,'2021-06-20',186931,157085),
(438,70,278,13,257,'2022-12-19',136594,114785),
(157,71,183,49,380,'2021-07-21',183537,154233),
(289,72,23,4,287,'2020-03-25',124221,104387),
(103,73,18,50,151,'2023-06-25',63174,53087),
(122,74,166,22,167,'2022-01-05',84459,70974),
(186,75,301,2,301,'2020-05-24',194590,163521),
(247,76,465,25,446,'2021-04-07',174835,146920),
(401,77,236,50,82,'2021-08-20',57258,48116),
(50,78,209,31,66,'2023-01-12',107856,90635),
(97,79,421,32,336,'2021-03-22',153291,128816),
(138,80,81,24,349,'2020-07-14',140415,117996),
(459,81,269,21,331,'2021-08-11',214458,180217),
(24,82,290,37,20,'2021-01-05',197322,165817),
(352,83,264,3,432,'2021-04-18',32637,27426),
(372,84,160,3,93,'2021-04-20',225960,189882),
(452,85,339,9,20,'2023-01-12',200828,168763),
(449,86,211,50,322,'2021-12-16',194788,163687),
(269,87,17,34,412,'2020-07-31',79975,67206),
(312,88,340,28,498,'2022-09-12',146600,123193),
(333,89,134,20,115,'2023-01-11',140316,117913),
(420,90,420,25,352,'2020-06-29',107188,90074),
(453,91,150,50,286,'2022-04-17',189033,158851),
(95,92,484,12,181,'2023-01-20',181274,152331),
(156,93,498,11,114,'2020-05-02',204941,172219),
(399,94,306,20,266,'2023-03-26',178995,150416),
(421,95,60,33,407,'2022-08-26',203260,170807),
(82,96,61,30,5,'2022-11-15',173991,146211),
(446,97,385,13,458,'2022-05-06',230999,194117),
(375,98,26,42,122,'2021-05-10',218045,183231),
(155,99,418,21,322,'2022-03-13',116746,98106),
(409,100,386,12,143,'2023-02-06',27094,22768),
(65,101,362,15,68,'2020-04-14',135003,113448),
(90,102,10,32,317,'2022-08-24',71343,59952),
(172,103,364,19,80,'2021-08-20',102510,86143),
(248,104,406,37,220,'2021-04-26',40304,33869),
(484,105,247,14,178,'2020-12-31',75822,63716),
(480,106,67,5,289,'2022-11-14',150397,126384),
(19,107,95,41,463,'2023-04-14',36435,30618),
(153,108,485,43,225,'2021-02-18',158920,133546),
(120,109,42,33,325,'2023-05-29',67047,56342),
(231,110,433,22,459,'2020-05-02',32514,27323),
(21,111,261,6,130,'2020-07-12',56239,47260),
(441,112,444,38,333,'2021-02-19',181915,152870),
(308,113,338,31,391,'2021-03-04',90146,75753),
(367,114,94,30,397,'2022-02-18',213255,179206),
(129,115,22,20,37,'2020-08-08',76490,64277),
(321,116,332,41,167,'2022-10-23',28509,23957),
(86,117,97,35,26,'2023-01-06',92611,77824),
(392,118,143,49,244,'2021-06-05',102507,86140),
(126,119,366,3,375,'2020-02-24',211276,177543),
(159,120,411,43,387,'2022-03-05',121254,101894),
(394,121,146,36,3,'2023-06-07',191208,160679),
(77,122,403,20,227,'2023-06-18',98693,82935),
(174,123,407,40,19,'2023-05-23',196863,165431),
(464,124,156,5,42,'2020-06-21',232450,195336),
(100,125,12,15,485,'2023-06-01',121971,102497),
(275,126,352,46,278,'2023-05-05',99295,83441),
(249,127,29,19,102,'2023-05-11',138793,116633),
(5,128,19,50,299,'2022-03-03',165416,139005),
(398,129,361,22,494,'2021-03-29',102270,85941),
(417,130,133,18,316,'2020-09-12',68924,57919),
(306,131,109,9,500,'2022-05-07',71947,60460),
(427,132,51,23,311,'2022-07-19',204415,171777),
(219,133,198,50,259,'2021-02-12',58591,49236),
(222,134,372,1,500,'2021-09-14',226725,190525),
(336,135,74,40,378,'2022-01-03',133874,112499),
(217,136,93,16,496,'2020-11-20',135642,113985),
(276,137,315,35,162,'2023-05-21',191870,161235),
(334,138,415,20,138,'2020-08-12',106485,89483),
(418,139,308,28,214,'2023-01-16',161672,135859),
(141,140,474,44,210,'2020-11-15',56128,47166),
(238,141,451,43,113,'2020-08-02',120798,101511),
(37,142,487,38,119,'2020-08-28',61260,51479),
(112,143,31,28,427,'2023-04-04',180546,151719),
(236,144,188,12,53,'2020-03-06',90552,76094),
(433,145,218,29,286,'2022-06-02',164634,138348),
(51,146,14,22,417,'2021-06-27',227623,191280),
(487,147,180,15,328,'2020-07-19',153594,129071),
(200,148,437,34,227,'2020-03-13',119963,100809),
(8,149,126,39,466,'2020-08-05',96194,80835),
(274,150,167,21,285,'2022-09-14',113653,95507),
(299,151,65,29,19,'2022-03-20',198231,166581),
(428,152,37,26,446,'2022-05-09',66248,55671),
(442,153,114,48,352,'2020-08-17',27007,22695),
(489,154,307,37,417,'2021-04-18',188360,158286),
(325,155,289,10,54,'2021-04-19',116605,97987),
(190,156,293,22,369,'2020-03-14',147073,123591),
(31,157,267,12,156,'2021-07-28',145076,121913),
(435,158,280,3,340,'2020-04-05',65035,54651),
(27,159,130,10,271,'2022-05-10',58123,48843),
(454,160,40,50,432,'2021-12-15',77726,65316),
(170,161,381,47,499,'2021-06-24',183023,153801),
(411,162,83,6,104,'2020-09-02',187494,157558),
(137,163,124,38,346,'2022-10-03',72463,60893),
(130,164,275,5,200,'2021-12-10',191529,160949),
(22,165,149,19,57,'2021-03-25',136651,114833),
(290,166,270,39,262,'2022-05-29',84095,70668),
(387,167,461,30,48,'2020-03-21',190643,160204),
(70,168,45,18,392,'2020-01-28',142096,119408),
(331,169,8,8,404,'2020-03-06',209970,176445),
(213,170,58,41,461,'2020-12-26',181288,152343),
(286,171,113,35,126,'2022-10-12',235562,197951),
(382,172,277,40,109,'2020-12-22',204573,171910),
(445,173,234,8,319,'2021-01-24',101005,84878),
(85,174,258,28,58,'2023-04-24',213898,179746),
(478,175,259,50,398,'2023-01-20',200077,168132),
(414,176,312,27,476,'2022-09-08',222581,187043),
(360,177,393,50,304,'2023-05-20',127582,107212),
(185,178,330,2,350,'2022-10-23',99684,83768),
(203,179,472,49,355,'2021-04-26',64148,53906),
(215,180,387,28,118,'2020-12-07',227079,190823),
(348,181,177,32,467,'2021-05-10',123333,103641),
(110,182,120,18,273,'2022-09-01',52064,43751),
(233,183,6,6,181,'2022-02-06',189587,159317),
(323,184,357,24,153,'2020-02-18',236697,198905),
(132,185,35,24,128,'2021-03-19',205274,172499),
(13,186,355,23,228,'2021-03-10',31622,26573),
(9,187,86,49,287,'2020-12-20',46224,38844),
(304,188,322,4,258,'2023-05-01',68143,57263),
(404,189,59,25,144,'2020-12-18',76123,63969),
(434,190,379,4,263,'2022-08-03',105286,88476),
(318,191,442,16,462,'2021-12-23',49135,41290),
(370,192,187,40,25,'2021-06-27',133310,112025),
(295,193,428,31,149,'2023-03-29',31872,26783),
(332,194,383,31,454,'2022-03-19',39757,33409),
(379,195,105,29,38,'2020-11-27',58857,49460),
(492,196,173,9,338,'2022-10-15',181416,152450),
(262,197,263,7,367,'2022-03-15',194454,163407),
(305,198,284,49,279,'2023-03-02',55786,46879),
(106,199,151,44,434,'2020-06-07',225083,189145),
(263,200,446,33,163,'2023-02-03',163414,137323),
(283,201,493,36,21,'2022-11-23',108870,91487),
(402,202,285,24,478,'2020-03-30',136146,114408),
(152,203,489,42,122,'2021-08-18',209148,175755),
(121,204,443,8,273,'2023-06-03',59994,50415),
(358,205,129,2,8,'2022-03-11',158829,133470),
(264,206,302,17,368,'2022-12-24',96766,81316),
(55,207,202,23,256,'2020-12-24',229581,192925),
(301,208,424,14,404,'2021-12-07',64513,54213),
(395,209,439,14,66,'2020-04-10',93558,78620),
(144,210,99,35,52,'2020-08-16',145015,121861),
(181,211,368,11,490,'2020-10-31',40700,34202),
(440,212,9,25,73,'2023-03-03',36042,30287),
(477,213,436,11,233,'2022-04-27',35763,30053),
(499,214,342,34,60,'2020-09-18',233405,196139),
(406,215,233,40,25,'2023-05-25',124951,105001),
(468,216,144,35,334,'2020-07-12',48850,41050),
(320,217,282,30,249,'2021-12-27',225235,189273),
(161,218,478,3,398,'2020-05-15',51168,42998),
(102,219,286,37,360,'2020-08-24',106540,89529),
(261,220,152,22,10,'2021-06-01',182614,153457),
(107,221,139,33,489,'2022-02-15',59662,50136),
(57,222,38,35,49,'2023-03-29',82109,68999),
(149,223,419,1,81,'2021-02-07',116853,98196),
(365,224,219,41,404,'2020-02-25',78376,65862),
(145,225,63,7,112,'2022-05-05',136968,115099),
(467,226,327,45,424,'2022-10-06',129665,108962),
(52,227,117,28,98,'2020-02-26',106104,89163),
(184,228,48,18,304,'2020-11-06',83772,70397),
(359,229,72,42,280,'2022-05-26',159642,134153),
(16,230,253,16,328,'2020-12-07',24595,20668),
(87,231,57,44,381,'2020-05-14',236019,198335),
(462,232,463,33,435,'2022-01-01',105379,88554),
(189,233,395,22,233,'2021-02-19',65342,54909),
(193,234,128,33,128,'2020-10-04',117449,98697),
(239,235,271,24,70,'2023-05-21',221737,186334),
(168,236,438,34,480,'2022-12-07',174132,146329),
(91,237,319,47,334,'2022-08-01',157344,132222),
(148,238,190,24,431,'2022-10-23',220406,185215),
(298,239,358,27,164,'2023-01-23',118603,99666),
(437,240,448,15,90,'2020-07-04',78442,65918),
(488,241,397,34,9,'2020-03-25',132296,111173),
(66,242,162,38,278,'2020-10-04',160495,134870),
(303,243,268,47,454,'2020-05-06',120772,101489),
(342,244,390,44,355,'2022-04-23',27374,23003),
(491,245,376,44,366,'2022-03-20',25261,21228),
(201,246,298,49,39,'2020-10-12',65968,55435),
(111,247,122,17,285,'2020-07-26',141404,118827),
(220,248,371,27,236,'2023-03-01',222718,187158),
(250,249,483,2,383,'2022-03-28',170946,143652),
(482,250,337,13,107,'2021-08-31',135247,113653),
(11,251,186,48,31,'2020-05-12',72991,61337),
(309,252,1,31,371,'2020-07-05',161753,135927),
(371,253,242,6,39,'2023-03-03',53994,45373),
(2,254,413,45,356,'2021-01-27',29675,24937),
(431,255,276,12,19,'2021-11-18',174796,146887),
(94,256,184,50,39,'2020-08-08',234741,197261),
(346,257,500,27,49,'2020-04-22',36786,30913),
(254,258,104,23,133,'2020-09-03',165141,138774),
(330,259,153,23,26,'2020-09-06',214112,179926),
(419,260,25,18,278,'2022-12-25',73391,61673),
(59,261,110,14,463,'2022-05-09',135892,114195),
(455,262,310,7,429,'2020-12-08',141121,118589),
(10,263,199,15,6,'2023-03-20',154815,130097),
(328,264,325,22,485,'2021-03-04',159842,134321),
(245,265,496,12,18,'2023-06-27',115512,97069),
(183,266,401,21,475,'2021-04-01',218698,183780),
(192,267,76,12,67,'2023-06-16',129480,108807),
(319,268,24,25,118,'2022-11-14',107714,90516),
(426,269,132,35,125,'2021-12-21',61571,51740),
(178,270,170,27,439,'2023-05-29',152086,127803),
(244,271,454,24,36,'2020-07-11',205229,172461),
(287,272,112,12,76,'2020-11-28',147192,123691),
(485,273,388,42,22,'2022-05-10',84285,70828),
(390,274,246,36,432,'2020-04-13',131964,110894),
(182,275,477,2,461,'2020-11-14',235525,197920),
(147,276,408,31,310,'2021-06-18',158245,132979),
(207,277,215,37,87,'2020-03-30',206526,173551),
(355,278,80,14,235,'2022-12-06',74166,62324),
(113,279,33,31,454,'2023-05-22',83511,70177),
(475,280,96,28,38,'2022-08-28',91396,76803),
(89,281,203,19,429,'2020-08-29',163718,137578),
(93,282,84,10,169,'2023-01-22',113095,95038),
(14,283,304,46,301,'2020-11-19',97997,82350),
(425,284,262,7,476,'2020-12-25',235263,197700),
(285,285,344,32,460,'2022-11-06',188782,158640),
(300,286,314,32,30,'2021-10-15',110342,92724),
(210,287,425,16,115,'2023-03-17',110383,92759),
(143,288,91,12,257,'2021-01-04',57705,48492),
(396,289,197,17,375,'2023-03-02',98774,83003),
(54,290,75,25,148,'2021-10-22',77174,64852),
(40,291,158,22,434,'2020-01-13',216948,182309),
(177,292,459,44,225,'2022-12-07',25911,21774),
(326,293,161,36,492,'2022-06-03',114984,96625),
(4,294,359,46,294,'2023-04-01',215855,181391),
(108,295,324,47,465,'2023-05-12',162706,136728),
(368,296,300,7,382,'2020-11-30',58033,48767),
(180,297,350,18,213,'2022-08-02',66166,55602),
(265,298,491,35,219,'2023-02-12',58447,49115),
(46,299,432,46,386,'2022-01-01',199518,167662),
(316,300,192,21,413,'2022-11-12',101413,85221),
(71,301,163,35,136,'2020-09-27',169639,142554),
(271,302,116,10,222,'2022-06-02',113653,95507),
(273,303,71,15,3,'2021-10-24',36777,30905),
(493,304,147,26,140,'2022-06-02',102877,86451),
(258,305,142,36,277,'2021-12-31',61554,51726),
(41,306,39,4,53,'2022-10-27',165512,139086),
(84,307,131,9,311,'2020-08-03',183298,154032),
(212,308,331,18,217,'2023-02-26',85072,71489),
(302,309,288,25,303,'2023-03-19',36109,30344),
(311,310,323,30,54,'2020-03-29',189699,159411),
(142,311,32,15,4,'2021-01-05',79791,67051),
(12,312,404,20,126,'2020-12-08',77390,65034),
(166,313,273,40,213,'2022-09-13',211427,177670),
(139,314,64,8,392,'2020-05-17',114207,95972),
(64,315,321,36,467,'2023-04-12',62634,52634),
(208,316,380,3,331,'2022-07-20',89448,75166),
(255,317,409,35,9,'2020-03-25',99553,83658),
(270,318,118,40,104,'2023-01-29',35884,30155),
(356,319,297,11,467,'2020-10-30',91403,76809),
(473,320,370,32,64,'2021-04-23',191359,160806),
(169,321,85,47,481,'2022-06-19',36697,30838),
(407,322,495,27,273,'2021-08-20',141426,118845),
(439,323,224,12,452,'2023-06-29',221382,186035),
(47,324,328,40,377,'2022-09-08',92141,77429),
(74,325,88,46,485,'2020-07-19',121974,102499),
(349,326,208,50,61,'2020-03-28',195112,163960),
(96,327,111,34,359,'2021-12-01',123866,104089),
(389,328,102,17,145,'2021-10-04',193288,162427),
(63,329,481,5,408,'2020-09-18',32594,27390),
(241,330,341,26,436,'2020-11-19',33997,28569),
(56,331,343,41,321,'2022-10-17',236809,198999),
(443,332,140,41,194,'2021-10-26',81054,68113),
(101,333,377,32,215,'2021-04-07',216367,181821),
(229,334,125,35,169,'2021-02-17',225851,189791),
(447,335,440,49,218,'2021-03-04',230495,193693),
(223,336,335,5,420,'2022-04-22',211459,177697),
(235,337,313,4,175,'2021-11-06',56542,47514),
(423,338,201,28,372,'2022-01-22',63757,53577),
(416,339,127,14,122,'2020-09-01',141447,118863),
(99,340,317,44,332,'2022-12-31',199484,167634),
(374,341,311,9,59,'2020-04-22',110735,93055),
(465,342,254,4,416,'2022-03-13',188129,158092),
(179,343,182,26,148,'2022-12-26',177285,148979),
(218,344,47,16,192,'2020-05-26',62570,52580),
(293,345,287,11,39,'2020-05-26',167941,141127),
(197,346,279,18,440,'2021-07-26',203986,171417),
(227,347,449,17,265,'2022-03-14',71963,60473),
(237,348,466,6,132,'2022-09-28',233069,195856),
(498,349,429,47,262,'2022-06-20',106260,89294),
(209,350,458,6,412,'2021-01-10',110364,92743),
(474,351,399,39,233,'2022-10-21',50482,42422),
(225,352,240,5,150,'2023-01-30',159574,134096),
(415,353,384,21,211,'2023-03-01',67988,57133),
(314,354,460,46,268,'2021-11-19',45939,38604),
(476,355,154,6,97,'2021-08-26',51798,43528),
(388,356,256,14,106,'2022-08-06',91581,76959),
(175,357,148,12,317,'2023-05-04',128776,108215),
(339,358,488,47,198,'2023-04-14',88333,74229),
(340,359,239,27,316,'2020-06-13',227680,191328),
(456,360,265,45,206,'2020-02-04',101903,85633),
(436,361,392,47,111,'2021-05-08',104371,87707),
(18,362,471,49,8,'2021-11-28',149206,125383),
(33,363,351,39,493,'2023-01-03',205737,172888),
(29,364,450,36,234,'2022-12-04',77151,64833),
(43,365,291,12,448,'2023-03-03',143882,120909),
(195,366,479,31,361,'2020-03-06',107718,90519),
(164,367,157,15,297,'2021-07-29',212853,178868),
(199,368,441,37,304,'2022-04-20',200029,168092),
(58,369,255,22,187,'2022-01-23',200545,168525),
(88,370,243,9,68,'2021-08-06',137034,115155),
(288,371,490,8,140,'2020-09-06',111667,93838),
(252,372,427,40,259,'2021-06-13',28723,24137),
(279,373,212,46,438,'2020-01-04',109113,91692),
(35,374,257,27,65,'2022-03-30',90812,76313),
(36,375,175,39,310,'2020-04-29',201217,169090),
(486,376,329,33,253,'2021-01-16',104284,87634),
(310,377,272,33,358,'2021-04-02',230171,193421),
(383,378,422,9,174,'2022-04-08',96398,81007),
(118,379,283,40,474,'2022-09-21',184908,155385),
(376,380,320,24,27,'2021-08-27',161929,136075),
(432,381,473,39,216,'2021-11-06',166646,140039),
(354,382,205,33,393,'2022-03-02',44685,37550),
(163,383,119,34,239,'2023-06-22',209692,176212),
(345,384,305,40,446,'2020-05-17',192807,162023),
(393,385,137,2,13,'2022-04-25',188313,158246),
(92,386,292,9,313,'2022-10-12',66270,55689),
(272,387,121,45,375,'2021-01-02',225698,189662),
(373,388,333,35,368,'2022-09-26',136256,114501),
(494,389,347,36,375,'2020-05-13',100755,84668),
(500,390,214,38,425,'2023-03-30',166400,139832),
(134,391,62,34,88,'2021-05-03',204726,172039),
(497,392,30,34,450,'2021-05-16',100255,84248),
(292,393,226,34,53,'2020-08-18',86069,72327),
(232,394,405,2,223,'2022-08-20',104919,88167),
(123,395,16,50,10,'2021-02-07',110804,93113),
(338,396,248,19,109,'2023-04-23',59994,50415),
(204,397,445,24,249,'2022-02-10',220086,184946),
(60,398,195,34,165,'2022-09-18',190346,159955),
(61,399,389,35,46,'2021-02-05',33641,28270),
(471,400,238,27,131,'2021-07-23',70278,59057),
(78,401,365,18,409,'2022-01-16',68538,57595),
(463,402,375,8,354,'2022-11-21',129038,108435),
(391,403,231,40,229,'2023-04-08',113476,95358),
(23,404,294,31,411,'2023-06-11',75584,63516),
(79,405,497,49,135,'2021-01-29',193177,162334),
(457,406,179,14,117,'2020-02-28',71024,59684),
(119,407,353,28,468,'2021-06-01',93742,78775),
(353,408,412,30,295,'2023-03-19',126026,105904),
(167,409,4,27,303,'2023-05-17',130543,109700),
(230,410,402,38,276,'2020-08-24',114795,96466),
(430,411,193,39,453,'2022-12-24',164560,138286),
(410,412,216,22,112,'2020-01-15',235569,197957),
(246,413,430,5,241,'2020-10-23',150467,126443),
(17,414,244,20,356,'2023-03-21',191310,160765),
(75,415,354,24,157,'2022-01-09',192605,161853),
(296,416,227,10,148,'2023-05-15',82951,69707),
(483,417,486,18,232,'2023-02-20',226089,189991),
(260,418,107,27,186,'2020-11-19',86432,72632),
(450,419,414,46,458,'2023-05-17',41651,35001),
(80,420,356,49,214,'2021-02-20',148007,124376),
(461,421,228,37,163,'2021-12-12',74843,62893),
(76,422,27,35,222,'2020-04-13',30902,25968),
(350,423,53,49,19,'2023-04-21',38995,32769),
(429,424,145,25,258,'2022-04-27',51584,43348),
(135,425,410,2,156,'2021-09-03',86160,72403),
(470,426,499,24,46,'2020-06-03',196337,164989),
(83,427,309,10,137,'2022-04-23',105980,89059),
(69,428,494,43,464,'2021-01-22',229168,192578),
(458,429,230,49,282,'2021-03-18',167976,141156),
(226,430,5,2,317,'2021-10-24',76023,63885),
(243,431,73,32,105,'2020-12-07',74088,62259),
(357,432,171,16,59,'2023-01-05',198542,166842),
(221,433,360,10,460,'2023-05-03',232688,195536),
(377,434,367,34,399,'2023-03-09',77268,64931),
(278,435,462,47,173,'2020-05-29',211612,177825),
(68,436,189,4,449,'2021-08-23',78972,66363),
(160,437,326,33,275,'2022-06-14',77107,64796),
(253,438,43,45,292,'2023-05-18',37005,31097),
(49,439,46,5,414,'2022-02-15',237128,199267),
(198,440,79,19,221,'2022-01-13',111961,94085),
(154,441,235,39,357,'2022-12-18',231231,194312),
(403,442,191,44,224,'2020-06-23',83262,69968),
(224,443,13,38,351,'2020-03-01',197175,165693),
(205,444,318,38,294,'2021-10-10',58625,49265),
(240,445,49,45,139,'2022-03-04',57064,47953),
(343,446,206,8,419,'2020-10-14',77931,65488),
(242,447,70,37,1,'2020-11-19',223941,188186),
(337,448,274,29,241,'2022-05-25',211934,178096),
(297,449,54,25,23,'2021-12-30',113916,95728),
(42,450,345,34,390,'2023-04-15',179664,150978),
(45,451,185,48,374,'2020-07-22',185442,155834),
(73,452,423,45,334,'2020-09-10',138091,116043),
(26,453,303,26,82,'2021-02-01',182475,153340),
(146,454,400,44,195,'2020-09-06',180029,151285),
(234,455,135,35,332,'2022-10-17',193799,162856),
(216,456,141,23,304,'2022-07-15',88905,74710),
(284,457,464,9,229,'2023-04-27',107631,90446),
(315,458,223,40,418,'2021-08-18',113784,95617),
(490,459,41,38,324,'2021-07-20',64845,54492),
(162,460,316,31,15,'2021-12-23',45322,38086),
(256,461,492,40,467,'2022-03-24',42566,35770),
(1,462,217,9,2,'2021-09-04',206428,173469),
(67,463,196,21,97,'2021-04-11',113445,95332),
(196,464,169,38,412,'2021-06-04',31811,26732),
(380,465,123,2,264,'2020-01-12',153048,128612),
(124,466,36,14,259,'2020-11-19',109131,91707),
(72,467,232,29,185,'2021-12-29',177224,148928),
(444,468,28,16,270,'2022-12-15',55753,46851),
(369,469,159,14,96,'2022-02-05',155591,130749),
(378,470,299,41,427,'2020-02-26',28661,24085),
(422,471,77,42,347,'2021-12-19',62689,52680),
(413,472,480,21,351,'2020-05-09',199256,167442),
(7,473,250,38,478,'2020-08-11',196981,165530),
(34,474,468,14,6,'2020-06-27',222455,186937),
(194,475,115,8,378,'2021-11-07',100344,84323),
(32,476,2,27,432,'2021-02-21',202004,169751),
(133,477,296,11,381,'2022-09-19',194547,163485),
(214,478,221,46,317,'2020-05-20',161258,135511),
(307,479,251,35,447,'2022-11-06',73618,61864),
(460,480,11,21,497,'2020-12-23',147871,124261),
(38,481,101,36,70,'2022-07-21',28111,23623),
(202,482,363,17,77,'2021-09-09',203095,170668),
(322,483,417,19,85,'2022-04-12',65324,54894),
(381,484,431,30,453,'2023-01-23',144473,121406),
(150,485,89,48,371,'2022-08-05',172338,144822),
(158,486,334,48,129,'2020-08-15',133705,112357),
(408,487,241,19,117,'2020-06-10',236029,198344),
(117,488,69,48,190,'2020-10-07',164601,138320),
(176,489,391,27,108,'2021-01-09',101559,85344),
(335,490,281,44,437,'2021-02-22',31473,26448),
(364,491,164,37,357,'2022-03-31',157128,132040),
(6,492,476,15,228,'2022-03-24',96221,80858),
(481,493,237,35,134,'2020-06-11',42697,35880),
(405,494,98,6,66,'2021-09-24',199077,167292),
(479,495,68,12,369,'2022-10-17',231155,194248),
(400,496,78,38,112,'2021-05-09',78106,65635),
(165,497,100,14,170,'2020-12-05',125539,105495),
(313,498,56,37,192,'2022-02-13',230172,193422),
(344,499,222,39,266,'2021-01-07',187482,157548),
(259,500,435,47,497,'2020-08-27',203538,171040);

insert into dpto_despachos
values (1,146,912532178),
(2,136,912532178),
(3,490,910036847),
(4,181,912527520),
(5,463,912245114),
(6,166,912245114),
(7,222,912527520),
(8,278,912245114),
(9,372,912527520),
(10,434,910036847),
(11,207,912527520),
(12,103,912527520),
(13,306,912245114),
(14,496,912527520),
(15,299,910036847),
(16,35,912527520),
(17,243,912532178),
(18,422,912532178),
(19,472,912245114),
(20,366,910036847),
(21,470,912245114),
(22,437,912532178),
(23,354,912527520),
(24,78,912532178),
(25,84,910036847),
(26,19,910036847),
(27,244,912527520),
(28,347,912527520),
(29,120,910036847),
(30,144,912245114),
(31,365,912532178),
(32,82,912245114),
(33,479,912527520),
(34,373,912527520),
(35,167,912532178),
(36,442,912532178),
(37,298,910036847),
(38,399,912527520),
(39,253,912527520),
(40,266,910036847),
(41,179,912527520),
(42,466,910036847),
(43,337,912532178),
(44,198,912532178),
(45,409,912245114),
(46,421,910036847),
(47,191,910036847),
(48,393,912532178),
(49,6,912245114),
(50,247,910036847),
(51,434,912532178),
(52,281,910036847),
(53,211,912527520),
(54,7,912527520),
(55,497,912245114),
(56,223,912245114),
(57,232,912527520),
(58,177,912532178),
(59,358,910036847),
(60,342,912527520),
(61,182,912245114),
(62,495,912245114),
(63,50,910036847),
(64,64,912245114),
(65,222,912532178),
(66,273,912527520),
(67,485,912532178),
(68,204,910036847),
(69,55,912527520),
(70,257,910036847),
(71,380,912245114),
(72,287,912532178),
(73,151,912527520),
(74,167,912527520),
(75,301,912532178),
(76,446,910036847),
(77,82,912245114),
(78,66,910036847),
(79,336,912532178),
(80,349,912532178),
(81,331,912527520),
(82,20,910036847),
(83,432,912527520),
(84,93,912527520),
(85,20,912527520),
(86,322,912527520),
(87,412,910036847),
(88,498,910036847),
(89,115,912527520),
(90,352,912527520),
(91,286,912532178),
(92,181,912527520),
(93,114,912527520),
(94,266,912245114),
(95,407,910036847),
(96,5,910036847),
(97,458,910036847),
(98,122,912245114),
(99,322,912527520),
(100,143,912532178),
(101,68,912532178),
(102,317,910036847),
(103,80,912527520),
(104,220,912532178),
(105,178,910036847),
(106,289,912245114),
(107,463,912527520),
(108,225,912527520),
(109,325,912527520),
(110,459,910036847),
(111,130,912527520),
(112,333,912532178),
(113,391,912527520),
(114,397,910036847),
(115,37,912245114),
(116,167,910036847),
(117,26,910036847),
(118,244,912245114),
(119,375,910036847),
(120,387,912532178),
(121,3,912527520),
(122,227,912245114),
(123,19,912532178),
(124,42,912532178),
(125,485,912532178),
(126,278,912245114),
(127,102,912527520),
(128,299,912527520),
(129,494,910036847),
(130,316,910036847),
(131,500,912245114),
(132,311,912532178),
(133,259,910036847),
(134,500,912245114),
(135,378,912527520),
(136,496,910036847),
(137,162,910036847),
(138,138,912245114),
(139,214,912527520),
(140,210,910036847),
(141,113,912532178),
(142,119,910036847),
(143,427,912532178),
(144,53,912245114),
(145,286,912527520),
(146,417,912245114),
(147,328,910036847),
(148,227,910036847),
(149,466,912532178),
(150,285,912532178),
(151,19,912532178),
(152,446,912532178),
(153,352,912532178),
(154,417,912532178),
(155,54,912245114),
(156,369,912527520),
(157,156,910036847),
(158,340,910036847),
(159,271,910036847),
(160,432,912527520),
(161,499,912527520),
(162,104,912527520),
(163,346,910036847),
(164,200,912245114),
(165,57,912532178),
(166,262,912245114),
(167,48,910036847),
(168,392,912245114),
(169,404,912245114),
(170,461,912245114),
(171,126,912527520),
(172,109,912245114),
(173,319,910036847),
(174,58,910036847),
(175,398,912245114),
(176,476,912532178),
(177,304,912527520),
(178,350,912527520),
(179,355,912245114),
(180,118,912245114),
(181,467,912245114),
(182,273,910036847),
(183,181,910036847),
(184,153,910036847),
(185,128,912532178),
(186,228,912527520),
(187,287,912245114),
(188,258,912532178),
(189,144,910036847),
(190,263,910036847),
(191,462,912532178),
(192,25,912245114),
(193,149,912532178),
(194,454,910036847),
(195,38,912527520),
(196,338,912527520),
(197,367,912532178),
(198,279,912527520),
(199,434,912527520),
(200,163,912532178),
(201,21,910036847),
(202,478,912527520),
(203,122,912527520),
(204,273,912245114),
(205,8,910036847),
(206,368,912527520),
(207,256,912527520),
(208,404,912532178),
(209,66,912245114),
(210,52,910036847),
(211,490,912527520),
(212,73,912245114),
(213,233,910036847),
(214,60,912532178),
(215,25,912527520),
(216,334,912527520),
(217,249,912527520),
(218,398,912532178),
(219,360,912527520),
(220,10,912532178),
(221,489,910036847),
(222,49,912532178),
(223,81,912527520),
(224,404,910036847),
(225,112,912245114),
(226,424,912245114),
(227,98,912527520),
(228,304,912532178),
(229,280,912532178),
(230,328,910036847),
(231,381,912527520),
(232,435,912527520),
(233,233,910036847),
(234,128,912532178),
(235,70,912245114),
(236,480,912532178),
(237,334,910036847),
(238,431,910036847),
(239,164,912527520),
(240,90,912245114),
(241,9,912532178),
(242,278,912527520),
(243,454,912527520),
(244,355,912532178),
(245,366,910036847),
(246,39,910036847),
(247,285,912245114),
(248,236,912527520),
(249,383,912527520),
(250,107,912527520),
(251,31,912527520),
(252,371,912527520),
(253,39,912532178),
(254,356,912245114),
(255,19,912527520),
(256,39,912245114),
(257,49,910036847),
(258,133,912527520),
(259,26,910036847),
(260,278,910036847),
(261,463,910036847),
(262,429,912532178),
(263,6,910036847),
(264,485,912532178),
(265,18,912245114),
(266,475,912532178),
(267,67,912532178),
(268,118,912532178),
(269,125,912532178),
(270,439,912532178),
(271,36,912245114),
(272,76,912527520),
(273,22,910036847),
(274,432,910036847),
(275,461,910036847),
(276,310,912527520),
(277,87,912527520),
(278,235,912527520),
(279,454,910036847),
(280,38,912245114),
(281,429,910036847),
(282,169,912245114),
(283,301,912245114),
(284,476,910036847),
(285,460,912527520),
(286,30,912532178),
(287,115,912527520),
(288,257,912245114),
(289,375,910036847),
(290,148,910036847),
(291,434,912245114),
(292,225,912527520),
(293,492,912532178),
(294,294,910036847),
(295,465,912527520),
(296,382,912527520),
(297,213,912532178),
(298,219,912527520),
(299,386,912532178),
(300,413,912245114),
(301,136,912527520),
(302,222,912532178),
(303,3,912245114),
(304,140,912527520),
(305,277,912532178),
(306,53,912532178),
(307,311,910036847),
(308,217,912245114),
(309,303,912527520),
(310,54,912245114),
(311,4,912532178),
(312,126,912245114),
(313,213,912532178),
(314,392,910036847),
(315,467,912245114),
(316,331,912245114),
(317,9,910036847),
(318,104,912245114),
(319,467,912527520),
(320,64,912245114),
(321,481,912527520),
(322,273,910036847),
(323,452,910036847),
(324,377,910036847),
(325,485,910036847),
(326,61,912532178),
(327,359,912532178),
(328,145,912245114),
(329,408,912527520),
(330,436,910036847),
(331,321,910036847),
(332,194,910036847),
(333,215,910036847),
(334,169,912527520),
(335,218,912532178),
(336,420,912532178),
(337,175,910036847),
(338,372,910036847),
(339,122,912245114),
(340,332,912527520),
(341,59,912532178),
(342,416,910036847),
(343,148,912532178),
(344,192,912245114),
(345,39,910036847),
(346,440,912527520),
(347,265,910036847),
(348,132,912527520),
(349,262,910036847),
(350,412,912245114),
(351,233,912532178),
(352,150,912527520),
(353,211,912245114),
(354,268,910036847),
(355,97,910036847),
(356,106,910036847),
(357,317,912532178),
(358,198,912245114),
(359,316,912527520),
(360,206,912532178),
(361,111,912527520),
(362,8,912245114),
(363,493,912527520),
(364,234,912527520),
(365,448,912532178),
(366,361,912527520),
(367,297,912527520),
(368,304,912245114),
(369,187,912532178),
(370,68,912527520),
(371,140,912532178),
(372,259,912527520),
(373,438,912532178),
(374,65,912532178),
(375,310,912245114),
(376,253,910036847),
(377,358,910036847),
(378,174,910036847),
(379,474,912527520),
(380,27,912245114),
(381,216,912532178),
(382,393,912245114),
(383,239,912532178),
(384,446,912527520),
(385,13,912245114),
(386,313,912532178),
(387,375,912527520),
(388,368,910036847),
(389,375,910036847),
(390,425,912245114),
(391,88,910036847),
(392,450,912532178),
(393,53,912532178),
(394,223,910036847),
(395,10,912532178),
(396,109,910036847),
(397,249,912532178),
(398,165,912245114),
(399,46,912527520),
(400,131,910036847),
(401,409,912532178),
(402,354,912245114),
(403,229,912527520),
(404,411,912245114),
(405,135,910036847),
(406,117,912527520),
(407,468,910036847),
(408,295,912527520),
(409,303,912527520),
(410,276,912527520),
(411,453,912245114),
(412,112,912532178),
(413,241,912532178),
(414,356,912527520),
(415,157,912245114),
(416,148,912532178),
(417,232,912527520),
(418,186,912532178),
(419,458,912532178),
(420,214,912532178),
(421,163,912527520),
(422,222,912532178),
(423,19,912532178),
(424,258,910036847),
(425,156,912527520),
(426,46,912527520),
(427,137,910036847),
(428,464,912527520),
(429,282,912245114),
(430,317,912532178),
(431,105,910036847),
(432,59,912532178),
(433,460,912527520),
(434,399,912245114),
(435,173,912527520),
(436,449,912245114),
(437,275,912527520),
(438,292,912245114),
(439,414,912532178),
(440,221,910036847),
(441,357,912527520),
(442,224,910036847),
(443,351,912532178),
(444,294,912532178),
(445,139,912532178),
(446,419,912532178),
(447,1,912527520),
(448,241,912532178),
(449,23,912532178),
(450,390,912532178),
(451,374,912532178),
(452,334,910036847),
(453,82,912532178),
(454,195,910036847),
(455,332,912532178),
(456,304,912532178),
(457,229,912245114),
(458,418,912245114),
(459,324,912527520),
(460,15,912245114),
(461,467,912532178),
(462,2,912245114),
(463,97,912527520),
(464,412,912527520),
(465,264,912532178),
(466,259,912532178),
(467,185,912532178),
(468,270,912245114),
(469,96,912245114),
(470,427,910036847),
(471,347,912532178),
(472,351,910036847),
(473,478,910036847),
(474,6,912532178),
(475,378,912532178),
(476,432,912532178),
(477,381,912245114),
(478,317,910036847),
(479,447,912532178),
(480,497,912245114),
(481,70,912532178),
(482,77,912527520),
(483,85,912245114),
(484,453,912245114),
(485,371,912532178),
(486,129,912527520),
(487,117,910036847),
(488,190,910036847),
(489,108,912532178),
(490,437,912532178),
(491,357,912527520),
(492,228,912527520),
(493,134,910036847),
(494,66,912245114),
(495,369,912532178),
(496,112,912532178),
(497,170,912532178),
(498,192,910036847),
(499,266,910036847),
(500,497,912527520);

insert into vehiculos
values (3,"CAMION BOX7","FORD",2004,"DEM-251",850,"MATTHUS","DUCKER","392237431-K"),
(4,"CAMION BOX7","FORD",1998,"XTL-785",850,"JOHNY","EGGERTON","589052249-3"),
(6,"CAMION BOX7","FORD",2000,"LPC-540",850,"JECHO","MENDEL","596757910-9"),
(8,"CAMION BOX7","FORD",2011,"YET-775",850,"MARVEN","LOWLES","771981702-8"),
(11,"CAMION BOX7","FORD",2008,"ZTH-360",850,"KILLIE","PONCET","708870543-5"),
(17,"CAMION BOX7","FORD",1996,"CQD-699",850,"JAE","SUNLEY","879080740-5"),
(21,"CAMION BOX7","FORD",1986,"OVL-789",850,"HIERONYMUS","BARIBAL","314314231-6"),
(24,"CAMION BOX7","FORD",2003,"TJN-787",850,"COLIN","JUDKINS","196860637-8"),
(7,"CAMION G4","CHEVROLET",1999,"AFI-616",1500,"DILAN","WEBB-BOWEN","123769005-6"),
(9,"CAMION G4","CHEVROLET",2011,"YGC-250",1500,"OSWELL","ADDAMS","215330316-8"),
(14,"CAMION G4","CHEVROLET",2001,"ETZ-249",1500,"CONNIE","CHALLENGER","019495128-6"),
(18,"CAMION G4","CHEVROLET",1995,"RGN-304",1500,"YALE","ROCHES","736874585-2"),
(19,"CAMION G4","CHEVROLET",1991,"BOV-856",1500,"MORDECAI","LINDENBLATT","659692389-4"),
(23,"CAMION G4","CHEVROLET",2007,"GPN-333",1500,"JEREME","PITTEM","262254026-4"),
(25,"CAMION G4","CHEVROLET",1999,"NMG-848",1500,"DANNY","SWITZER","104793882-0"),
(27,"CAMION G4","CHEVROLET",2009,"HUK-465",1500,"BO","DOUGHARTIE","960291316-9"),
(10,"CAMION MAXUS F4","TOYOTA",2009,"SOG-304",2500,"AMBROSE","TRATTLES","236917677-6"),
(16,"CAMION MAXUS F4","TOYOTA",2008,"WMR-613",2500,"PIGGY","FILLAN","140115249-K"),
(26,"CAMION MAXUS F4","TOYOTA",1995,"TYS-886",2500,"DERRIL","JILLINGS","565194441-9"),
(30,"CAMION MAXUS F4","TOYOTA",2010,"UEN-533",2500,"HEYWOOD","LEVESQUE","428740424-6"),
(1,"CAMION MIDIX2","MITSUBISHI",2011,"DSE-875",2000,"ROLLIN","HUTCHINGS","781462908-K"),
(2,"CAMION MIDIX2","MITSUBISHI",2009,"PHK-873",2000,"TADIO","SOLE","030530545-K"),
(5,"CAMION MIDIX2","MITSUBISHI",1999,"FUG-583",2000,"MARV","LABRENZ","286455115-2"),
(12,"CAMION MIDIX2","MITSUBISHI",2010,"RQW-565",2000,"LOCKE","SANCTO","226631584-6"),
(13,"CAMION MIDIX2","MITSUBISHI",2009,"OUL-929",2000,"TERRELL","COLLIVER","801612209-4"),
(15,"CAMION MIDIX2","MITSUBISHI",2006,"HAW-605",2000,"TAMMIE","GLANTZ","607202599-4"),
(20,"CAMION MIDIX2","MITSUBISHI",1993,"WGT-335",2000,"STERLING","KEEFE","693377665-4"),
(22,"CAMION MIDIX2","MITSUBISHI",1999,"RDT-748",2000,"KELLEN","DENKIN","968726805-0"),
(28,"CAMION MIDIX2","MITSUBISHI",1981,"YRG-502",2000,"BROCK","ROAKE","432278337-6"),
(29,"CAMION MIDIX2","MITSUBISHI",1993,"PTG-608",2000,"NICKY","DAILE","669956300-9");


insert into orden_despacho
values (50,247,17,'2020-01-03','2020-01-05'),
(373,438,9,'2020-01-04','2020-01-06'),
(465,264,3,'2020-01-12','2020-01-14'),
(291,434,24,'2020-01-13','2020-01-15'),
(412,112,9,'2020-01-15','2020-01-17'),
(168,392,16,'2020-01-28','2020-01-30'),
(360,206,26,'2020-02-04','2020-02-06'),
(34,373,26,'2020-02-04','2020-02-16'),
(184,153,17,'2020-02-18','2020-02-20'),
(119,375,16,'2020-02-24','2020-02-26'),
(224,404,23,'2020-02-25','2020-02-27'),
(227,98,16,'2020-02-26','2020-02-28'),
(470,427,27,'2020-02-26','2020-02-28'),
(57,232,7,'2020-02-27','2020-02-29'),
(406,117,4,'2020-02-28','2020-02-28'),
(443,351,16,'2020-03-01','2020-03-03'),
(144,53,23,'2020-03-06','2020-03-08'),
(169,404,14,'2020-03-06','2020-03-08'),
(366,361,1,'2020-03-06','2020-03-08'),
(148,227,2,'2020-03-13','2020-03-15'),
(156,369,26,'2020-03-14','2020-03-16'),
(167,48,6,'2020-03-21','2020-03-23'),
(65,222,4,'2020-03-20','2020-03-25'),
(72,287,23,'2020-03-25','2020-03-27'),
(241,9,19,'2020-03-25','2020-03-27'),
(317,9,5,'2020-03-25','2020-03-27'),
(326,61,18,'2020-03-28','2020-03-30'),
(310,54,21,'2020-03-29','2020-03-31'),
(202,478,20,'2020-03-30','2020-04-01'),
(277,87,21,'2020-03-30','2020-04-01'),
(46,421,27,'2020-03-31','2020-04-02'),
(158,340,13,'2020-04-05','2020-04-07'),
(209,66,11,'2020-04-10','2020-04-14'),
(274,432,26,'2020-04-13','2020-04-15'),
(422,222,10,'2020-04-13','2020-04-15'),
(101,68,18,'2020-04-14','2020-04-16'),
(257,49,20,'2020-04-22','2020-04-24'),
(341,59,16,'2020-04-22','2020-04-24'),
(375,310,2,'2020-04-29','2020-05-01'),
(93,114,25,'2020-05-02','2020-05-04'),
(110,459,22,'2020-05-02','2020-05-04'),
(243,454,23,'2020-05-06','2020-05-08'),
(472,351,28,'2020-05-09','2020-05-11'),
(251,31,7,'2020-05-12','2020-05-14'),
(389,375,18,'2020-05-13','2020-05-16'),
(231,381,2,'2020-05-14','2020-05-16'),
(218,398,26,'2020-05-15','2020-05-17'),
(314,392,8,'2020-05-17','2020-05-19'),
(384,446,19,'2020-05-17','2020-05-19'),
(478,317,21,'2020-05-20','2020-05-22'),
(36,442,22,'2020-05-22','2020-05-24'),
(75,301,16,'2020-05-24','2020-05-26'),
(344,192,28,'2020-05-26','2020-05-28'),
(345,39,4,'2020-05-26','2020-05-28'),
(435,173,20,'2020-05-29','2020-05-31'),
(426,46,12,'2020-06-03','2020-06-05'),
(15,299,20,'2020-06-04','2020-06-06'),
(199,434,5,'2020-06-07','2020-06-09'),
(54,7,5,'2020-06-08','2020-06-10'),
(487,117,22,'2020-06-10','2020-06-12'),
(493,134,7,'2020-06-11','2020-06-13'),
(359,316,7,'2020-06-13','2020-06-15'),
(124,42,19,'2020-06-21','2020-06-23'),
(442,224,29,'2020-06-23','2020-06-25'),
(474,6,23,'2020-06-27','2020-06-29'),
(90,352,22,'2020-06-29','2020-07-01'),
(9,372,14,'2020-07-02','2020-07-06'),
(240,90,3,'2020-07-04','2020-07-06'),
(252,371,7,'2020-07-05','2020-07-07'),
(3,490,11,'2020-07-08','2020-07-10'),
(53,211,9,'2020-07-08','2020-07-10'),
(271,36,10,'2020-07-11','2020-07-13'),
(111,130,7,'2020-07-12','2020-07-14'),
(216,334,6,'2020-07-12','2020-07-15'),
(80,349,22,'2020-07-14','2020-07-16'),
(147,328,29,'2020-07-19','2020-07-21'),
(325,485,5,'2020-07-19','2020-07-21'),
(451,374,12,'2020-07-22','2020-07-24'),
(247,285,2,'2020-07-26','2020-07-28'),
(87,412,8,'2020-07-31','2020-08-02'),
(141,113,5,'2020-08-02','2020-08-04'),
(307,311,18,'2020-08-03','2020-08-05'),
(149,466,2,'2020-08-05','2020-08-07'),
(115,37,2,'2020-08-08','2020-08-10'),
(256,39,29,'2020-08-08','2020-08-10'),
(473,478,22,'2020-08-11','2020-08-13'),
(138,138,16,'2020-08-12','2020-08-14'),
(62,495,3,'2020-08-15','2020-08-17'),
(486,129,24,'2020-08-15','2020-08-17'),
(210,52,12,'2020-08-16','2020-08-18'),
(153,352,19,'2020-08-17','2020-08-19'),
(35,167,13,'2020-08-18','2020-08-20'),
(393,53,13,'2020-08-18','2020-08-20'),
(219,360,3,'2020-08-24','2020-08-26'),
(410,276,4,'2020-08-24','2020-08-26'),
(500,497,26,'2020-08-27','2020-08-29'),
(142,119,1,'2020-08-28','2020-08-30'),
(281,429,2,'2020-08-29','2020-08-31'),
(32,82,11,'2020-08-31','2020-09-02'),
(162,104,16,'2020-09-02','2020-09-04'),
(339,122,23,'2020-09-01','2020-09-05'),
(258,133,18,'2020-09-03','2020-09-05'),
(259,26,28,'2020-09-06','2020-09-08'),
(371,140,5,'2020-09-06','2020-09-08'),
(454,195,10,'2020-09-06','2020-09-08'),
(452,334,20,'2020-09-10','2020-09-12'),
(130,316,12,'2020-09-12','2020-09-14'),
(16,35,18,'2020-09-13','2020-09-15'),
(68,204,9,'2020-09-11','2020-09-16'),
(214,60,14,'2020-09-18','2020-09-20'),
(329,408,10,'2020-09-18','2020-09-20'),
(301,136,7,'2020-09-27','2020-09-29'),
(24,78,13,'2020-10-03','2020-10-05'),
(234,128,22,'2020-10-04','2020-10-06'),
(242,278,15,'2020-10-04','2020-10-06'),
(488,190,10,'2020-10-07','2020-10-09'),
(246,39,1,'2020-10-12','2020-10-14'),
(446,419,26,'2020-10-14','2020-10-16'),
(413,241,8,'2020-10-23','2020-10-25'),
(40,266,27,'2020-10-24','2020-10-26'),
(319,467,26,'2020-10-30','2020-11-01'),
(211,490,13,'2020-10-31','2020-11-02'),
(2,136,10,'2020-11-01','2020-11-03'),
(228,304,10,'2020-11-06','2020-11-08'),
(60,342,4,'2020-11-10','2020-11-12'),
(17,243,27,'2020-11-07','2020-11-15'),
(12,103,15,'2020-11-13','2020-11-15'),
(275,461,9,'2020-11-14','2020-11-16'),
(140,210,14,'2020-11-15','2020-11-17'),
(31,365,15,'2020-11-18','2020-11-20'),
(283,301,30,'2020-11-19','2020-11-21'),
(418,186,22,'2020-11-19','2020-11-21'),
(447,1,3,'2020-11-19','2020-11-21'),
(136,496,27,'2020-11-20','2020-11-22'),
(466,259,6,'2020-11-19','2020-11-23'),
(330,436,26,'2020-11-19','2020-11-25'),
(47,191,16,'2020-11-27','2020-11-29'),
(195,38,26,'2020-11-27','2020-11-29'),
(272,76,15,'2020-11-28','2020-11-30'),
(296,382,30,'2020-11-30','2020-12-01'),
(497,170,22,'2020-12-05','2020-12-07'),
(180,118,26,'2020-12-07','2020-12-09'),
(230,328,5,'2020-12-07','2020-12-09'),
(431,105,13,'2020-12-07','2020-12-09'),
(262,429,15,'2020-12-08','2020-12-10'),
(312,126,15,'2020-12-08','2020-12-10'),
(42,466,9,'2020-12-10','2020-12-12'),
(189,144,25,'2020-12-18','2020-12-20'),
(187,287,14,'2020-12-20','2020-12-23'),
(172,109,9,'2020-12-22','2020-12-24'),
(480,497,12,'2020-12-23','2020-12-25'),
(207,256,2,'2020-12-24','2020-12-26'),
(284,476,24,'2020-12-25','2020-12-27'),
(170,461,1,'2020-12-26','2020-12-30'),
(105,178,10,'2020-12-31','2021-01-02'),
(387,375,7,'2021-01-02','2021-01-04'),
(288,257,4,'2021-01-04','2021-01-06'),
(82,20,6,'2021-01-05','2021-01-07'),
(311,4,9,'2021-01-05','2021-01-07'),
(499,266,24,'2021-01-07','2021-01-09'),
(489,108,16,'2021-01-09','2021-01-11'),
(350,412,18,'2021-01-10','2021-01-12'),
(376,253,8,'2021-01-16','2021-01-18'),
(67,485,8,'2021-01-20','2021-01-22'),
(428,464,21,'2021-01-22','2021-01-24'),
(173,319,4,'2021-01-24','2021-01-26'),
(254,356,16,'2021-01-27','2021-01-29'),
(405,135,13,'2021-01-29','2021-01-31'),
(453,82,29,'2021-02-01','2021-02-03'),
(399,46,25,'2021-02-05','2021-02-07'),
(223,81,29,'2021-02-07','2021-02-09'),
(395,10,12,'2021-02-07','2021-02-09'),
(133,259,21,'2021-02-12','2021-02-14'),
(334,169,1,'2021-02-17','2021-02-19'),
(108,225,28,'2021-02-18','2021-02-20'),
(112,333,10,'2021-02-19','2021-02-21'),
(233,233,1,'2021-02-19','2021-02-21'),
(420,214,9,'2021-02-20','2021-02-22'),
(476,432,18,'2021-02-21','2021-02-23'),
(490,437,16,'2021-02-22','2021-02-24'),
(113,391,3,'2021-03-04','2021-03-06'),
(264,485,8,'2021-03-04','2021-03-06'),
(335,218,22,'2021-03-04','2021-03-07'),
(64,64,16,'2021-03-09','2021-03-11'),
(186,228,21,'2021-03-10','2021-03-12'),
(48,393,29,'2021-03-13','2021-03-16'),
(39,253,22,'2021-03-16','2021-03-18'),
(429,282,2,'2021-03-18','2021-03-21'),
(79,336,6,'2021-03-22','2021-03-24'),
(185,128,26,'2021-03-19','2021-03-25'),
(165,57,15,'2021-03-25','2021-03-27'),
(129,494,19,'2021-03-29','2021-03-31'),
(266,475,16,'2021-04-01','2021-04-03'),
(377,358,5,'2021-04-02','2021-04-04'),
(76,446,15,'2021-04-07','2021-04-09'),
(333,215,16,'2021-04-07','2021-04-09'),
(463,97,9,'2021-04-11','2021-04-13'),
(83,432,2,'2021-04-18','2021-04-20'),
(154,417,6,'2021-04-18','2021-04-20'),
(155,54,7,'2021-04-19','2021-04-21'),
(84,93,5,'2021-04-20','2021-04-22'),
(320,64,28,'2021-04-23','2021-04-25'),
(104,220,30,'2021-04-26','2021-04-28'),
(179,355,14,'2021-04-26','2021-04-28'),
(391,88,25,'2021-05-03','2021-05-05'),
(496,112,23,'2021-05-09','2021-05-11'),
(361,111,3,'2021-05-08','2021-05-12'),
(98,122,8,'2021-05-10','2021-05-12'),
(181,467,7,'2021-05-10','2021-05-12'),
(392,450,21,'2021-05-16','2021-05-18'),
(220,10,4,'2021-06-01','2021-06-03'),
(407,468,16,'2021-06-01','2021-06-03'),
(464,412,1,'2021-06-04','2021-06-06'),
(118,244,2,'2021-06-05','2021-06-07'),
(11,207,13,'2021-06-08','2021-06-10'),
(372,259,20,'2021-06-13','2021-06-15'),
(56,223,7,'2021-06-18','2021-06-20'),
(276,310,16,'2021-06-18','2021-06-20'),
(69,55,28,'2021-06-20','2021-06-22'),
(161,499,15,'2021-06-24','2021-06-26'),
(146,417,26,'2021-06-27','2021-06-29'),
(192,25,6,'2021-06-27','2021-06-29'),
(33,479,1,'2021-07-13','2021-07-16'),
(459,324,19,'2021-07-20','2021-07-22'),
(71,380,16,'2021-07-21','2021-07-23'),
(400,131,25,'2021-07-23','2021-07-25'),
(7,222,16,'2021-07-26','2021-07-28'),
(346,440,5,'2021-07-26','2021-07-28'),
(157,156,24,'2021-07-28','2021-07-30'),
(4,181,18,'2021-07-29','2021-07-31'),
(367,297,24,'2021-07-29','2021-07-31'),
(6,166,14,'2021-08-01','2021-08-03'),
(370,68,23,'2021-08-06','2021-08-08'),
(81,331,11,'2021-08-11','2021-08-13'),
(49,6,16,'2021-08-12','2021-08-16'),
(66,273,26,'2021-08-15','2021-08-17'),
(203,122,5,'2021-08-18','2021-08-20'),
(458,418,11,'2021-08-18','2021-08-20'),
(322,273,29,'2021-08-20','2021-08-22'),
(103,80,18,'2021-08-20','2021-08-23'),
(436,449,8,'2021-08-23','2021-08-25'),
(77,82,23,'2021-08-20','2021-08-26'),
(355,97,22,'2021-08-26','2021-08-28'),
(380,27,14,'2021-08-27','2021-08-29'),
(250,107,14,'2021-08-31','2021-09-02'),
(425,156,5,'2021-09-03','2021-09-05'),
(462,2,10,'2021-09-04','2021-09-07'),
(482,77,29,'2021-09-09','2021-09-11'),
(134,500,2,'2021-09-14','2021-09-16'),
(494,66,4,'2021-09-24','2021-09-28'),
(328,145,2,'2021-10-04','2021-10-07'),
(444,294,21,'2021-10-10','2021-10-12'),
(286,30,29,'2021-10-15','2021-10-17'),
(290,148,9,'2021-10-22','2021-10-24'),
(303,3,2,'2021-10-24','2021-10-26'),
(430,317,2,'2021-10-24','2021-10-26'),
(332,194,18,'2021-10-26','2021-10-28'),
(337,175,29,'2021-11-06','2021-11-08'),
(475,378,28,'2021-11-07','2021-11-09'),
(381,216,1,'2021-11-06','2021-11-12'),
(255,19,30,'2021-11-18','2021-11-20'),
(354,268,12,'2021-11-19','2021-11-21'),
(362,8,30,'2021-11-28','2021-11-30'),
(327,359,30,'2021-12-01','2021-12-03'),
(20,366,8,'2021-12-02','2021-12-04'),
(21,470,1,'2021-12-02','2021-12-04'),
(208,404,19,'2021-12-07','2021-12-09'),
(23,354,27,'2021-12-08','2021-12-11'),
(164,200,7,'2021-12-10','2021-12-12'),
(421,163,1,'2021-12-12','2021-12-14'),
(160,432,23,'2021-12-15','2021-12-17'),
(86,322,28,'2021-12-16','2021-12-18'),
(13,306,1,'2021-12-15','2021-12-19'),
(471,347,29,'2021-12-19','2021-12-21'),
(269,125,19,'2021-12-21','2021-12-23'),
(191,462,22,'2021-12-23','2021-12-25'),
(460,15,10,'2021-12-23','2021-12-25'),
(217,249,21,'2021-12-27','2021-12-29'),
(467,185,16,'2021-12-29','2021-12-31'),
(449,23,17,'2021-12-30','2022-01-01'),
(305,277,27,'2021-12-31','2022-01-02'),
(299,386,9,'2022-01-01','2022-01-04'),
(135,378,20,'2022-01-03','2022-01-05'),
(74,167,21,'2022-01-05','2022-01-07'),
(63,50,2,'2022-01-07','2022-01-09'),
(415,157,8,'2022-01-09','2022-01-12'),
(232,435,25,'2022-01-01','2022-01-13'),
(440,221,9,'2022-01-13','2022-01-15'),
(401,409,17,'2022-01-16','2022-01-18'),
(338,372,2,'2022-01-22','2022-01-25'),
(369,187,6,'2022-01-23','2022-01-25'),
(183,181,21,'2022-02-06','2022-02-08'),
(469,96,14,'2022-02-05','2022-02-09'),
(397,249,1,'2022-02-10','2022-02-12'),
(498,192,14,'2022-02-13','2022-02-15'),
(221,489,20,'2022-02-15','2022-02-17'),
(439,414,30,'2022-02-15','2022-02-17'),
(114,397,11,'2022-02-18','2022-02-20'),
(25,84,11,'2022-02-21','2022-02-23'),
(382,393,28,'2022-03-02','2022-03-04'),
(128,299,24,'2022-03-03','2022-03-05'),
(445,139,5,'2022-03-04','2022-03-06'),
(120,387,7,'2022-03-05','2022-03-07'),
(205,8,13,'2022-03-11','2022-03-13'),
(99,322,29,'2022-03-13','2022-03-15'),
(342,416,12,'2022-03-13','2022-03-15'),
(52,281,22,'2022-03-14','2022-03-16'),
(347,265,12,'2022-03-14','2022-03-16'),
(197,367,5,'2022-03-15','2022-03-17'),
(194,454,22,'2022-03-19','2022-03-22'),
(151,19,1,'2022-03-20','2022-03-22'),
(245,366,24,'2022-03-20','2022-03-22'),
(461,467,21,'2022-03-24','2022-03-26'),
(492,228,17,'2022-03-24','2022-03-26'),
(22,437,10,'2022-03-25','2022-03-27'),
(249,383,11,'2022-03-28','2022-03-30'),
(374,65,29,'2022-03-30','2022-04-01'),
(491,357,26,'2022-03-31','2022-04-02'),
(378,174,7,'2022-04-08','2022-04-11'),
(483,85,30,'2022-04-12','2022-04-15'),
(91,286,23,'2022-04-17','2022-04-19'),
(368,304,24,'2022-04-20','2022-04-22'),
(336,420,12,'2022-04-22','2022-04-24'),
(244,355,6,'2022-04-23','2022-04-25'),
(427,137,4,'2022-04-23','2022-04-25'),
(385,13,10,'2022-04-25','2022-04-27'),
(37,298,4,'2022-04-26','2022-04-28'),
(213,233,3,'2022-04-27','2022-04-29'),
(424,258,5,'2022-04-27','2022-04-29'),
(225,112,1,'2022-05-05','2022-05-07'),
(97,458,4,'2022-05-06','2022-05-08'),
(131,500,15,'2022-05-07','2022-05-09'),
(152,446,23,'2022-05-09','2022-05-11'),
(261,463,3,'2022-05-09','2022-05-11'),
(159,271,19,'2022-05-10','2022-05-12'),
(273,22,30,'2022-05-10','2022-05-12'),
(27,244,17,'2022-05-16','2022-05-18'),
(448,241,7,'2022-05-25','2022-05-27'),
(229,280,11,'2022-05-26','2022-05-29'),
(166,262,2,'2022-05-29','2022-05-31'),
(145,286,20,'2022-06-02','2022-06-04'),
(302,222,26,'2022-06-02','2022-06-04'),
(304,140,9,'2022-06-02','2022-06-04'),
(293,492,8,'2022-06-03','2022-06-05'),
(30,144,13,'2022-06-11','2022-06-13'),
(437,275,23,'2022-06-14','2022-06-16'),
(321,481,26,'2022-06-19','2022-06-21'),
(349,262,8,'2022-06-20','2022-06-22'),
(43,337,22,'2022-06-25','2022-06-27'),
(26,19,1,'2022-07-04','2022-07-06'),
(59,358,29,'2022-07-13','2022-07-15'),
(456,304,16,'2022-07-15','2022-07-17'),
(132,311,14,'2022-07-19','2022-07-21'),
(316,331,10,'2022-07-20','2022-07-22'),
(481,70,17,'2022-07-21','2022-07-23'),
(237,334,1,'2022-08-01','2022-08-03'),
(297,213,4,'2022-08-02','2022-08-04'),
(190,263,11,'2022-08-03','2022-08-05'),
(485,371,3,'2022-08-05','2022-08-07'),
(356,106,17,'2022-08-06','2022-08-08'),
(38,399,29,'2022-08-13','2022-08-15'),
(394,223,23,'2022-08-20','2022-08-22'),
(102,317,15,'2022-08-24','2022-08-26'),
(95,407,8,'2022-08-26','2022-08-28'),
(280,38,30,'2022-08-28','2022-08-30'),
(182,273,26,'2022-09-01','2022-09-05'),
(61,182,12,'2022-09-03','2022-09-05'),
(176,476,4,'2022-09-08','2022-09-10'),
(324,377,10,'2022-09-08','2022-09-10'),
(88,498,21,'2022-09-12','2022-09-14'),
(313,213,8,'2022-09-13','2022-09-15'),
(14,496,27,'2022-09-14','2022-09-16'),
(150,285,25,'2022-09-14','2022-09-16'),
(8,278,1,'2022-09-17','2022-09-19'),
(398,165,23,'2022-09-18','2022-09-20'),
(477,381,15,'2022-09-19','2022-09-21'),
(379,474,15,'2022-09-21','2022-09-23'),
(388,368,13,'2022-09-26','2022-09-28'),
(348,132,2,'2022-09-28','2022-09-30'),
(163,346,8,'2022-10-03','2022-10-05'),
(226,424,25,'2022-10-06','2022-10-08'),
(386,313,15,'2022-10-12','2022-10-14'),
(196,338,22,'2022-10-15','2022-10-17'),
(331,321,5,'2022-10-17','2022-10-19'),
(495,369,11,'2022-10-17','2022-10-19'),
(455,332,14,'2022-10-17','2022-10-21'),
(29,120,28,'2022-10-21','2022-10-23'),
(351,233,19,'2022-10-21','2022-10-23'),
(116,167,8,'2022-10-23','2022-10-25'),
(178,350,18,'2022-10-23','2022-10-25'),
(238,431,26,'2022-10-23','2022-10-25'),
(171,126,22,'2022-10-12','2022-10-26'),
(306,53,19,'2022-10-27','2022-10-29'),
(285,460,26,'2022-11-06','2022-11-08'),
(479,447,26,'2022-11-06','2022-11-09'),
(300,413,7,'2022-11-12','2022-11-14'),
(106,289,13,'2022-11-14','2022-11-16'),
(268,118,20,'2022-11-14','2022-11-16'),
(96,5,22,'2022-11-15','2022-11-17'),
(402,354,13,'2022-11-21','2022-11-23'),
(5,463,25,'2022-11-22','2022-11-24'),
(201,21,12,'2022-11-23','2022-11-25'),
(1,146,21,'2022-11-24','2022-11-28'),
(18,422,19,'2022-11-28','2022-11-30'),
(278,235,16,'2022-12-06','2022-12-09'),
(236,480,23,'2022-12-07','2022-12-09'),
(364,234,22,'2022-12-04','2022-12-10'),
(292,225,2,'2022-12-07','2022-12-10'),
(468,270,21,'2022-12-15','2022-12-17'),
(441,357,21,'2022-12-18','2022-12-20'),
(70,257,19,'2022-12-19','2022-12-21'),
(206,368,30,'2022-12-24','2022-12-26'),
(411,453,5,'2022-12-24','2022-12-26'),
(260,278,9,'2022-12-25','2022-12-27'),
(343,148,28,'2022-12-26','2022-12-29'),
(340,332,4,'2022-12-31','2023-01-02'),
(363,493,6,'2023-01-03','2023-01-05'),
(45,409,18,'2023-01-05','2023-01-07'),
(432,59,7,'2023-01-05','2023-01-07'),
(117,26,16,'2023-01-06','2023-01-09'),
(89,115,23,'2023-01-11','2023-01-14'),
(78,66,17,'2023-01-12','2023-01-14'),
(85,20,16,'2023-01-12','2023-01-14'),
(139,214,11,'2023-01-16','2023-01-18'),
(92,181,2,'2023-01-20','2023-01-22'),
(175,398,30,'2023-01-20','2023-01-22'),
(282,169,2,'2023-01-22','2023-01-24'),
(239,164,16,'2023-01-23','2023-01-25'),
(484,453,9,'2023-01-23','2023-01-25'),
(58,177,19,'2023-01-28','2023-01-30'),
(318,104,29,'2023-01-29','2023-01-31'),
(352,150,21,'2023-01-30','2023-02-01'),
(200,163,13,'2023-02-03','2023-02-05'),
(100,143,14,'2023-02-06','2023-02-08'),
(44,198,2,'2023-02-07','2023-02-09'),
(10,434,21,'2023-02-08','2023-02-10'),
(298,219,8,'2023-02-12','2023-02-15'),
(417,232,25,'2023-02-20','2023-02-22'),
(308,217,13,'2023-02-26','2023-02-28'),
(248,236,17,'2023-03-01','2023-03-03'),
(353,211,27,'2023-03-01','2023-03-03'),
(198,279,27,'2023-03-02','2023-03-04'),
(289,375,25,'2023-03-02','2023-03-04'),
(212,73,19,'2023-03-03','2023-03-05'),
(253,39,22,'2023-03-03','2023-03-05'),
(365,448,27,'2023-03-03','2023-03-05'),
(434,399,14,'2023-03-09','2023-03-11'),
(287,115,26,'2023-03-17','2023-03-19'),
(309,303,17,'2023-03-19','2023-03-21'),
(408,295,18,'2023-03-19','2023-03-21'),
(263,6,14,'2023-03-20','2023-03-22'),
(414,356,25,'2023-03-21','2023-03-23'),
(94,266,27,'2023-03-26','2023-03-28'),
(193,149,6,'2023-03-29','2023-03-31'),
(222,49,28,'2023-03-29','2023-03-31'),
(390,425,7,'2023-03-30','2023-04-01'),
(294,294,21,'2023-04-01','2023-04-03'),
(143,427,17,'2023-04-04','2023-04-06'),
(19,472,23,'2023-04-05','2023-04-07'),
(403,229,27,'2023-04-08','2023-04-10'),
(315,467,24,'2023-04-12','2023-04-16'),
(107,463,14,'2023-04-14','2023-04-16'),
(358,198,23,'2023-04-14','2023-04-16'),
(450,390,2,'2023-04-15','2023-04-17'),
(28,347,24,'2023-04-18','2023-04-20'),
(423,19,12,'2023-04-21','2023-04-23'),
(396,109,18,'2023-04-23','2023-04-25'),
(174,58,21,'2023-04-24','2023-04-26'),
(457,229,21,'2023-04-27','2023-04-29'),
(188,258,12,'2023-05-01','2023-05-03'),
(433,460,9,'2023-05-03','2023-05-05'),
(357,317,11,'2023-05-04','2023-05-06'),
(126,278,10,'2023-05-05','2023-05-07'),
(127,102,6,'2023-05-11','2023-05-13'),
(295,465,17,'2023-05-12','2023-05-14'),
(416,148,8,'2023-05-15','2023-05-17'),
(409,303,2,'2023-05-17','2023-05-19'),
(419,458,17,'2023-05-17','2023-05-19'),
(438,292,30,'2023-05-18','2023-05-20'),
(177,304,17,'2023-05-20','2023-05-22'),
(137,162,13,'2023-05-21','2023-05-23'),
(235,70,26,'2023-05-21','2023-05-23'),
(279,454,11,'2023-05-22','2023-05-24'),
(123,19,9,'2023-05-23','2023-05-25'),
(215,25,23,'2023-05-25','2023-05-27'),
(109,325,21,'2023-05-29','2023-05-31'),
(270,439,17,'2023-05-29','2023-05-31'),
(125,485,20,'2023-06-01','2023-06-03'),
(204,273,8,'2023-06-03','2023-06-05'),
(121,3,20,'2023-06-07','2023-06-09'),
(41,179,2,'2023-06-09','2023-06-11'),
(404,411,29,'2023-06-11','2023-06-13'),
(267,67,25,'2023-06-16','2023-06-18'),
(122,227,25,'2023-06-18','2023-06-20'),
(51,434,13,'2023-06-22','2023-06-24'),
(383,239,11,'2023-06-22','2023-06-24'),
(55,497,11,'2023-06-25','2023-06-27'),
(73,151,18,'2023-06-25','2023-06-27'),
(265,18,21,'2023-06-27','2023-06-29'),
(323,452,3,'2023-06-29','2023-07-01');









